id,parent_id,area_name,latitude,longitude
1,0,Aceh,4.57369,96.8358
2,0,Sumatera Utara,2.34767,99.2418
3,0,Sumatera Barat,-0.560294,100.475
4,0,Riau,0.653672,101.738
5,0,Jambi,-1.58183,102.731
6,0,Sumatera Selatan,-3.22827,104.089
7,0,Bengkulu,-3.51342,102.384
8,0,Lampung,-4.85563,104.957
9,0,Kepulauan Bangka Belitung,-2.70163,106.467
10,0,Kepulauan Riau,1.6587,106.093
11,0,Daerah Khusus Ibukota Jakarta,-6.21155,106.845
12,0,Jawa Barat,-6.9237,107.597
13,0,Jawa Tengah,-7.20445,110.022
14,0,Daerah Istimewa Yogyakarta,-7.84706,110.426
15,0,Jawa Timur,-7.66608,112.362
16,0,Banten,-6.40589,106.064
17,0,Bali,-8.40955,115.189
19,0,Nusa Tenggara Timur,-8.66928,121.235
20,0,Kalimantan Barat,-0.175781,110.95
21,0,Kalimantan Tengah,-0.818454,113.041
22,0,Kalimantan Selatan,-2.91013,115.578
23,0,Kalimantan Timur,1.64017,116.421
24,0,Sulawesi Utara,0.624148,123.976
25,0,Sulawesi Tengah,-1.43013,121.446
26,0,Sulawesi Selatan,-3.66898,119.975
27,0,Sulawesi Tenggara,-4.14509,122.175
28,0,Gorontalo,0.699674,122.447
29,0,Sulawesi Barat,-2.84292,119.232
30,0,Maluku,-3.2389,130.146
31,0,Maluku Utara,1.57111,127.809
32,0,Papua Barat,-4.35463,139.366
33,0,Papua,-1.33626,133.175
34,0,Nasional,,
35,0,Nusa Tenggara Barat,-8.65434,117.363
111,11,Jakarta Pusat,-6.17128,106.844
112,11,Jakarta Barat,-6.15899,106.748
113,11,Jakarta Selatan,-6.26855,106.807
114,11,Jakarta Timur,-6.24909,106.901
115,11,Jakarta Utara,-6.131,106.863
116,111,Gambir,-6.16786,106.834
117,111,Tanah Abang,-6.20114,106.817
118,111,Menteng,-6.19005,106.843
119,111,Senen,-6.18169,106.855
120,111,Cempaka Putih,-6.18083,106.875
121,111,Johar Baru,-6.17998,106.863
122,111,Kemayoran,-6.16095,106.866
123,111,Sawah Besar,-6.15259,106.843
124,112,Tamansari,-6.14593,106.825
125,112,Tambora,-6.14781,106.806
126,112,Palmerah,-6.18851,106.803
127,112,Grogol Petamburan,-6.1618,106.792
128,112,Kebon Jeruk,-6.18681,106.776
129,112,Kembangan,-6.19039,106.746
130,112,Cengkareng,-6.15063,106.744
131,112,Kalideres,-6.1467,106.711
132,113,Kebayoran Baru,-6.24235,106.807
133,113,Kebayoran Lama,-6.24295,106.786
134,113,Pesanggrahan,-6.2549,106.765
135,113,Cilandak,-6.29517,106.801
136,113,Pasar Minggu,-6.28834,106.836
137,113,Jagakarsa,-6.33628,106.831
138,113,Mampang Prapatan,-6.25404,106.827
139,113,Pancoran,-6.26138,106.849
140,113,Tebet,-6.22589,106.857
141,113,Setiabudi,-6.21804,106.838
142,114,Matraman,-6.20438,106.87
143,114,Pulo Gadung,-6.19159,106.897
144,114,Jatinegara,-6.2316,106.885
145,114,Duren Sawit,-6.23322,106.931
146,114,Kramatjati,-6.27452,106.872
147,114,Makasar,-6.27401,106.901
148,114,Ciracas,-6.32895,106.889
149,114,Pasar Rebo,-6.32758,106.866
150,114,Cipayung,-6.33048,106.911
151,114,Cakung,-6.1909,106.95
152,115,Cilincing,-6.12707,106.951
153,115,Koja,-6.12033,106.912
154,115,Kelapa Gading,-6.15796,106.918
155,115,Tanjung Priok,-6.13236,106.88
156,115,Pademangan,-6.12741,106.839
157,115,Penjaringan,-6.117,106.768
158,11,Kepulauan Seribu,-5.59822,106.552
159,116,Gambir,-6.17354,106.838
160,116,Kebon Kelapa,-6.17354,106.838
161,116,Petojo Utara,-6.163,106.824
162,116,Duri Pulo,-6.16232,106.813
163,116,Cideng,-6.17285,106.816
164,116,Petojo Selatan,-6.17117,106.825
165,117,Bendungan Hilir,-6.20596,106.819
166,117,Karet Tengsin,-6.20605,106.825
167,117,Kebon Melati,-6.19402,106.826
168,117,Kebon Kacang,-6.18727,106.826
169,117,Kampung Bali,-6.18013,106.824
170,117,Petamburan,-6.19265,106.814
171,117,Gelora,-6.21112,106.812
172,118,Menteng,-6.19986,106.844
173,118,Pegangsaan,-6.19956,106.855
174,118,Cikini,-6.19075,106.847
175,118,Kebon Sirih,-6.18002,106.842
176,118,Gondangdia,-6.19212,106.836
177,119,Senen,-6.17204,106.849
178,119,Kwitang,-6.18184,106.852
179,119,Kenari,-6.19205,106.858
180,119,Paseban,-6.19005,106.863
181,119,Kramat,-6.1809,106.857
182,119,Bungur,-6.16831,106.856
183,120,Cempaka Putih Timur,-6.17751,106.879
184,120,Cempaka Putih Barat,-6.17823,106.871
185,120,Rawasari,-6.18885,106.874
186,121,Galur,-6.17328,106.864
187,121,Tanah Tinggi,-6.17469,106.858
188,121,Kampung Rawa,-6.17663,106.864
189,121,Johar Baru,-6.17584,106.862
190,122,Gunung Sahari Selatan,-6.15796,106.853
191,122,Kemayoran,-6.16355,106.854
192,122,Kebon Kosong,-6.15796,106.862
193,122,Cempaka Baru,-6.16624,106.872
194,122,Harapan Mulya,-6.1672,106.863
195,122,Sumur Batu,-6.16261,106.877
196,122,Serdang,-6.15709,106.868
197,122,Utan Panjang,-6.16317,106.862
198,123,Pasar Baru,-6.16142,106.841
199,123,Gunung Sahari Utara,-6.14849,106.849
200,123,Mangga Dua Selatan,-6.14077,106.835
201,123,Karang Anyar,-6.15167,106.837
202,123,Kartini,-6.15159,106.843
203,124,Pinangsia,-6.13733,106.822
204,124,Glodok,-6.14512,106.817
205,124,Keagungan,-6.15223,106.819
206,124,Krukut,-6.15628,106.819
207,124,Tamansari,-6.15702,106.833
208,124,Maphar,-6.15402,106.824
209,124,Tangki,-6.14469,106.831
210,124,Mangga Besar,-6.14538,106.822
211,125,Tanah Sareal,-6.15397,106.813
212,125,Tambora,-6.14696,106.813
213,125,Roa Malaka,-6.13827,106.813
214,125,Pekojan,-6.13887,106.808
215,125,Jembatan Lima,-6.14544,106.808
216,125,Krendang,-6.15186,106.808
217,125,Duri Selatan,-6.15948,106.808
218,125,Duri Utara,-6.15515,106.808
219,125,Kalianyar,-6.15982,106.804
220,125,Jembatan Besi,-6.1528,106.802
221,125,Angke,-6.14521,106.799
222,126,Slipi,-6.19508,106.803
223,126,Kota Bambu Selatan,-6.18504,106.802
224,126,Kota Bambu Utara,-6.18845,106.807
225,126,Jati Pulo,-6.17691,106.808
226,126,Kemanggisan,-6.19163,106.794
227,126,Palmerah,-6.20037,106.791
228,127,Tomang,-6.17213,106.803
229,127,Grogol,-6.16215,106.801
230,127,Jelambar,-6.15835,106.793
231,127,Jelambar Baru,-6.14721,106.793
232,127,Wijaya Kusuma,-6.15199,106.781
233,127,Tanjung Duren,-6.17012,106.789
234,127,Tanjung Duren Utara,-6.17699,106.793
235,128,Duri Kepa,-6.17392,106.776
236,128,Kedoya Selatan,-6.18553,106.764
237,128,Kedoya Utara,-6.16773,106.764
238,128,Kebon Jeruk,-6.1909,106.781
239,128,Sukabumi Utara,-6.20221,106.781
240,128,Kelapa Dua,-6.20289,106.771
241,128,Sukabumi Selatan,-6.21002,106.779
242,129,Kembangan Selatan,-6.18553,106.741
243,129,Kembangan Utara,-6.16607,106.756
244,129,Meruya Utara,-6.19551,106.744
245,129,Serengseng,-6.20541,106.759
246,129,Joglo,-6.21347,106.739
247,129,Meruya Selatan,-6.20434,106.737
248,130,Kedaung Kaliangke,-6.15498,106.768
249,130,Kapuk,-6.1368,106.754
250,130,Cengkareng Barat,-6.15182,106.73
251,130,Cengkareng Timur,-6.15071,106.744
252,130,Rawa Buaya,-6.16782,106.739
253,130,Duri Kosambi,-6.17443,106.721
254,131,Kamal,-6.10881,106.732
255,131,Tegal Alur,-6.11674,106.721
256,131,Pegadungan,-6.13108,106.712
257,131,Kalideres,-6.14943,106.702
258,131,Semanan,-6.16812,106.706
259,132,Selong,-6.23732,106.814
260,132,Gunung,-6.23459,106.802
261,132,Kramat Pela,-6.24645,106.801
262,132,Gandaria Utara,-6.25967,106.799
263,132,Cipete Utara,-6.26283,106.812
264,132,Melawai,-6.24713,106.81
265,132,Pulo,-6.25409,106.811
266,132,Petogogan,-6.24587,106.818
267,132,Rawa Barat,-6.23783,106.82
268,132,Senayan,-6.2299,106.817
269,133,Grogol Utara,-6.21249,106.791
270,133,Grogol Selatan,-6.22691,106.787
271,133,Cipulir,-6.24195,106.781
272,133,Kebayoran Lama Selatan,-6.25822,106.785
273,133,Kebayoran Lama Utara,-6.24752,106.786
274,133,Pondok Pinang,-6.28075,106.784
275,134,Ulujami,-6.23032,106.77
276,134,Petukangan Utara,-6.22512,106.745
277,134,Petukangan Selatan,-6.24171,106.757
278,134,Pesanggrahan,-6.25814,106.764
279,134,Bintaro,-6.27426,106.77
280,135,Cipete Selatan,-6.27687,106.813
281,135,Gandaria Selatan,-6.27742,106.802
282,135,Cilandak Barat,-6.29977,106.802
283,135,Lebak Bulus,-6.30523,106.789
284,135,Pondok Labu,-6.31253,106.804
285,136,Pejaten Barat,-6.27652,106.838
286,136,Pejaten Timur,-6.28211,106.854
287,136,Kebagusan,-6.31393,106.836
288,136,Pasar Minggu,-6.30114,106.845
289,136,Jati Padang,-6.2935,106.836
290,136,Ragunan,-6.30455,106.827
291,136,Cilandak Timur,-6.29414,106.815
292,137,Tanjung Barat,-6.31009,106.853
293,137,Lenteng Agung,-6.32895,106.841
294,137,Jagakarsa,-6.32861,106.822
295,137,Ciganjur,-6.34174,106.814
296,137,Cipedak,-6.35637,106.812
297,137,Srengseng Sawah,-6.34925,106.833
298,138,Kuningan Barat,-6.23805,106.831
299,138,Pela Mampang,-6.25084,106.824
300,138,Bangka,-6.26594,106.825
301,138,Pancoran,-6.25609,106.85
302,138,Mampang Prapatan,-6.24688,106.838
303,138,Tegal Parang,-6.25197,106.837
304,139,Kalibata,-6.26441,106.842
305,139,Rawajati,-6.26108,106.857
306,139,Duren Tiga,-6.25805,106.849
307,139,Cikoko,-6.24811,106.862
308,139,Pengadegan,-6.25327,106.86
309,140,Tebet Barat,-6.2374,106.854
310,140,Tebet Timur,-6.23779,106.862
311,140,Kebon Baru,-6.23821,106.869
312,140,Bukit Duri,-6.22328,106.866
313,140,Manggarai,-6.21317,106.858
314,140,Manggarai Selatan,-6.22277,106.855
315,140,Menteng Dalam,-6.23438,106.846
316,141,Setiabudi,-6.20558,106.834
317,141,Karet Tengsin,-6.20601,106.825
318,141,Karet Semanggi,-6.22563,106.825
319,141,Karet Kuningan,-6.22486,106.835
320,141,Kuningan Timur,-6.23606,106.837
321,141,Menteng Atas,-6.21791,106.848
322,141,Pasar Manggis,-6.20989,106.848
323,142,Pisangan Baru,-6.21428,106.876
324,142,Utan Kayu Selatan,-6.20731,106.877
325,142,Utan Kayu Utara,-6.19675,106.876
326,142,Kayu Manis,-6.20187,106.87
327,142,Pal Meriam,-6.20502,106.866
328,142,Kebon Manggis,-6.20871,106.863
329,143,Kayu Putih,-6.17827,106.893
330,143,Jati,-6.19559,106.906
331,143,Rawamangun,-6.1967,106.889
332,143,Pisangan Timur,-6.20959,106.889
333,143,Cipinang,-6.20976,106.899
334,143,Jatinegara Kaum,-6.20131,106.908
335,143,Pulo Gadung,-6.18152,106.91
336,144,Bali Mester,-6.22226,106.877
337,144,Kampung Melayu,-6.22072,106.872
338,144,Bidara Cina,-6.23766,106.877
339,144,Cipinang Cempedak,-6.23954,106.884
340,144,Rawa Bunga,-6.22384,106.882
341,144,Cipinang Besar Selatan,-6.23203,106.891
342,144,Cipinang Besar Utara,-6.22243,106.891
343,144,Cipinang Muara,-6.22879,106.898
344,145,Pondok Bambu,-6.238,106.909
345,145,Duren Sawit,-6.23459,106.924
346,145,Pondok Kelapa,-6.24594,106.941
347,145,Malaka Jaya,-6.22708,106.942
348,145,Malaka Sari,-6.22601,106.935
349,145,Pondok Kopi,-6.22951,106.954
350,145,Klender,-6.22145,106.916
351,146,Kramat Jati,-6.281,106.882
352,146,Batu Ampar,-6.28437,106.872
353,146,Bale Kambang,-6.2857,106.862
354,146,Kampung Tengah,-6.29039,106.876
355,146,Dukuh,-6.29815,106.89
356,146,Cawang,-6.25455,106.874
357,146,Cililitan,-6.26838,106.871
358,147,Pinang Ranti,-6.29465,106.894
359,147,Makasar,-6.27964,106.889
360,147,Halim Perdanakusuma,-6.27042,106.904
361,147,Cipinang Melayu,-6.25788,106.915
362,147,Kebon Pala,-6.25737,106.889
363,148,Cibubur,-6.35625,106.895
364,148,Kelapa Dua Wetan,-6.34089,106.895
365,148,Ciracas,-6.32396,106.888
366,148,Susukan,-6.31253,106.88
367,149,Pekayon,-6.34686,106.875
368,149,Gedong,-6.30591,106.869
369,149,Cijantung,-6.32605,106.868
370,149,Baru,-6.32822,106.856
371,149,Kalisari,-6.34238,106.86
372,150,Lubang Buaya,-6.29363,106.908
373,150,Ceger,-6.31061,106.906
375,150,Cipayung,-6.3327,106.906
376,150,Munjul,-6.35236,106.908
377,150,Pondok Rangon,-6.35821,106.915
378,150,Cilangkap,-6.33023,106.918
379,150,Setu,-6.31172,106.924
380,150,Bambu Apus,-6.31368,106.914
381,151,Cakung Barat,-6.17093,106.948
382,151,Cakung Timur,-6.17264,106.967
383,151,Rawa Terate,-6.17896,106.938
384,151,Jatinegara,-6.23186,106.885
385,151,Penggilingan,-6.2043,106.949
386,151,Pulo Gebang,-6.20891,106.967
387,151,Ujung Menteng,-6.188,106.97
388,152,Kalibaru,-6.10804,106.937
389,152,Cilincing,-6.1112,106.955
390,152,Semper Barat,-6.12886,106.934
391,152,Semper Timur,-6.12733,106.944
392,152,Rorotan,-6.14653,106.961
393,152,Sukapura,-6.15263,106.935
394,152,Marunda,-6.11333,106.973
395,153,Koja Utara,-6.10898,106.911
396,153,Koja Selatan,-6.11721,106.905
397,153,Rawa Badak,-6.13198,106.906
398,153,Tugu Selatan,-6.13753,106.917
399,153,Tugu Utara,-6.12946,106.919
400,153,Lagoa,-6.11875,106.919
401,154,Kelapa Gading Barat,-6.15907,106.911
402,154,Kelapa Gading Timur,-6.16829,106.913
403,154,Pegangsaan Dua,-6.15924,106.925
404,155,Tanjung Priok,-6.11162,106.87
405,155,Kebon Bawang,-6.1275,106.893
406,155,Sungai Bambu,-6.11802,106.883
407,155,Papanggo,-6.12784,106.872
408,155,Warakas,-6.12082,106.878
409,155,Sunter Agung,-6.13731,106.865
410,155,Sunter Jaya,-6.15182,106.885
411,156,Pademangan Timur,-6.13731,106.85
412,156,Pademangan Barat,-6.13637,106.842
413,156,Ancol,-6.12878,106.833
414,157,Penjaringan,-6.11802,106.804
415,157,Pejagalan,-6.13305,106.782
416,157,Pluit,-6.11572,106.784
417,157,Kapuk Muara,-6.11862,106.759
418,157,Kamal Muara,-6.10881,106.732
419,424,Pulau Untung Jawa,-5.97722,106.707
420,424,Pulau Tidung,-5.79889,106.5
421,423,Pulau Panggang,-5.85724,106.62
422,423,Pulau Kelapa,-5.65223,106.578
423,158,Kepulauan Seribu Utara,-5.69115,106.604
424,158,Kepulauan Seribu Selatan,-5.92341,106.572
425,423,Pulau Harapan,-5.65235,106.582
426,424,Pulau Pari,-5.75,106.617
427,,Kalimantan Utara,2.60286,116.508
429,12,Kota Bandung,-6.90331,107.643
430,429,Kecamatan Sukasari,,
431,429,Kecamatan Sukajadi,,
432,429,Kecamatan Cicendo,,
433,429,Kecamatan Andir,,
434,429,Kecamatan Cidadap,,
435,429,Kecamatan Coblong,,
436,429,Kecamatan Bandung wetan,,
437,429,Kecamatan Sumur bandung,,
438,429,Kecamatan Cibeunying kaler,,
439,429,Kecamatan Cibeunying kidul,,
440,429,Kecamatan Kiaracondong,,
441,429,Kecamatan Batununggal,,
442,429,Kecamatan Lengkong,,
443,429,Kecamatan Regol,,
444,429,Kecamatan Astana anyar,,
445,429,Kecamatan Bojongloa kaler,,
446,429,Kecamatan Babakan ciparay,,
447,429,Kecamatan Bojongloa kidul,,
448,429,Kecamatan Bandung kulon,,
449,429,Kecamatan Antapani,,
450,429,Kecamatan Arcamanik,,
451,429,Kecamatan Ujungberung,,
452,429,Kecamatan Cibiru,,
453,429,Kecamatan Rancasari,,
454,429,Kecamatan Buahbatu,,
455,429,Kecamatan Bandung kidul,,
456,429,Kecamatan Gedebage,,
457,429,Kecamatan Panyileukan,,
458,429,Kecamatan Cinambo,,
459,429,Kecamatan Mandalajati,,
464,13,Kota Semarang,,
465,479,Kecamatan Batang Cenaku,,
466,479,Kecamatan Batang Gansal,,
467,479,Kecamatan Batang Peranap,,
468,479,Kecamatan Kelayang,,
469,479,Kecamatan Kuala Cenaku,,
470,479,Kecamatan Lirik,,
471,479,Kecamatan Lubuk Batu Jaya,,
472,479,Kecamatan Pasir Penyu,,
473,479,Kecamatan Peranap,,
474,479,Kecamatan Rakit Kulim,,
475,479,Kecamatan Rengat Barat,,
476,479,Kecamatan Rengat,,
477,479,Kecamatan Seberida,,
478,479,Kecamatan Sungai Lala,,
479,4,Kabupaten Indragiri Hulu,,
480,464,Kecamatan Tembalang,-7.049,110.461
481,28,Kecamatan Asparaga,,
482,28,Kecamatan Batudaa,,
483,28,Kecamatan Batudaa Pantai,,
484,28,Kecamatan Bilato,,
485,28,Kecamatan Biluhu,,
486,28,Kecamatan Boliyohuto,,
487,28,Kecamatan Bongomeme,,
488,28,Kecamatan Dungaliyo,,
489,28,Kecamatan Limboto Barat,,
490,28,Kecamatan Limboto,,
491,28,Kecamatan Mootilango,,
492,28,Kecamatan Pulubala,,
493,28,Kecamatan Tabongo,,
494,28,Kecamatan Telaga Biru,,
495,28,Kecamatan Telaga Jaya,,
496,28,Kecamatan Telaga,,
497,28,Kecamatan Tibawa,,
498,28,Kecamatan Tilango,,
499,28,Kecamatan Tolangohula,,
500,15,Kabupaten Bojonegoro,-7.15863,111.893
501,500,Kecamatan Balen,,
502,500,Kecamatan Baureno,,
503,500,Kecamatan Bojonegoro,,
504,500,Kecamatan Bubulan,,
505,500,Kecamatan Dander,,
506,500,Kecamatan Gayam,,
507,500,Kecamatan Gondang,,
508,500,Kecamatan Kalitidu,,
509,500,Kecamatan Kanor,,
510,500,Kecamatan Kapas,,
511,500,Kecamatan Kasiman,,
512,500,Kecamatan Kedewan,,
513,500,Kecamatan Kedungadem,,
514,500,Kecamatan Kepohbaru,,
515,500,Kecamatan Malo,,
516,500,Kecamatan Margomulyo,,
517,500,Kecamatan Ngambon,,
518,500,Kecamatan Ngasem,,
519,500,Kecamatan Ngraho,,
520,500,Kecamatan Padangan,,
521,500,Kecamatan Purwosari,,
522,500,Kecamatan Sekar,,
523,500,Kecamatan Sugihwaras,,
524,500,Kecamatan Sukosewu,,
525,500,Kecamatan Sumberrejo,,
526,500,Kecamatan Tambakrejo,,
527,500,Kecamatan Temayang,,
528,500,Kecamatan Trucuk,,
529,20,Kota Pontianak,,
532,148,Rambutan,-6.3048,106.884
533,1,Simeulue,2.621,96.079
534,1,Aceh Singkil,2.347,97.852
535,1,Aceh Selatan,3.164,97.436
536,1,Aceh Tenggara,3.365,97.7
537,1,Aceh Timur,4.633,97.614
538,1,Aceh Tengah,4.521,96.862
539,1,Aceh Barat,4.447,96.183
540,1,Aceh Besar,5.382,95.511
541,1,Pidie,5.059,96.03
542,1,Aceh Barat Daya,3.824,96.876
543,1,Gayo Lues,3.981,97.361
544,1,Aceh Tamiang,4.234,97.978
545,1,Nagan Raya,4.16,96.507
546,1,Aceh Jaya,4.833,95.68
547,1,Bener Meriah,4.767,97.004
548,1,Banda Aceh,5.557,95.328
549,1,Kota Sabang,5.836,95.303
550,1,Langsa,4.483,97.979
551,1,Lhokseumawe,5.175,97.096
552,1,Subulussalam,2.727,97.934
553,1,Pidie Jaya,5.138,96.21
554,1,Aceh Utara,5.022,97.162
555,1,Bireuen,5.095,96.607
556,2,Nias,1.061,97.737
557,2,Mandailing Natal,0.773,99.368
558,2,Tapanuli Selatan,1.49,99.256
559,2,Tapanuli Tengah,1.839,98.655
560,2,Tapanuli Utara,1.99,99.075
561,2,Toba Samosir,2.381,99.263
562,2,Labuhanbatu,2.277,100.059
563,2,Asahan,2.802,99.561
564,2,Simalungun,2.978,99.032
565,2,Dairi,2.844,98.267
566,2,Karo,3.12,98.297
567,2,Deli Serdang,3.477,98.694
568,2,Langkat,3.709,98.222
569,2,Nias Selatan,0.336,98.097
570,2,Humbang Hasundutan,2.271,98.57
571,2,Pakpak Barat,2.555,98.24
572,2,Samosir,2.556,98.713
573,2,Serdang Bedagai,3.365,99.056
574,2,Batu Bara,3.236,99.469
575,2,Padang Lawas Utara,1.592,99.754
576,2,Padang Lawas,1.142,99.843
577,2,Labuhanbatu Selatan,1.836,100.132
578,2,Labuhanbatu Utara,2.409,99.753
579,2,Nias Utara,1.309,97.357
580,2,Nias Barat,1.035,97.498
581,2,Sibolga,1.739,98.789
582,2,Kota Tanjungbalai,2.965,99.794
583,2,Pematangsiantar,2.96,99.062
584,2,Tebingtinggi,3.328,99.155
585,2,Kota Medan,3.629,98.667
586,2,Kota Binjai,3.602,98.485
587,2,Padangsidimpuan,1.393,99.285
588,2,Gunungsitoli,1.26,97.582
589,3,Kepulauan Mentawai,-1.84,99.331
590,3,Pesisir Selatan,-1.74,100.882
591,3,Solok,-0.962,100.819
592,3,Sijunjung,-0.683,101.087
593,3,Padang Pariaman,-0.563,100.228
594,3,Agam,-0.25,100.167
595,3,Lima Puluh Kota,0.03,100.567
596,3,Pasaman,0.39,100.083
597,3,Solok Selatan,-1.407,101.253
598,3,Dharmasraya,-1.131,101.552
599,3,Pasaman Barat,0.205,99.676
600,3,Padang,-0.896,100.435
601,3,Solok,-0.784,100.629
602,3,Sawahlunto,-0.653,100.755
603,3,Padang Panjang,-0.473,100.4
604,3,Bukittinggi,-0.303,100.376
605,3,Payakumbuh,-0.23,100.632
606,3,Pariaman,-0.605,100.141
607,3,Tanah Datar,-0.473,100.581
608,4,Kuantan Singingi,-0.479,101.502
609,4,Indragiri Hilir,-0.235,103.154
610,4,Pelalawan,0.217,102.264
611,4,Siak,0.825,101.824
612,4,Kampar,0.327,101.072
613,4,Rokan Hulu,0.94,100.474
614,4,Bengkalis,1.405,101.663
615,4,Rokan Hilir,1.764,100.75
616,4,Kepulauan Meranti,1.004,102.648
617,4,Pekanbaru,0.548,101.464
618,4,Dumai,1.8,101.308
619,5,Kerinci,-2.033,101.47
620,5,Merangin,-2.197,102.065
621,5,Sarolangun,-2.31,102.664
622,5,Batang Hari,-1.746,103.093
623,5,Muaro Jambi,-1.607,103.744
624,5,Tanjung Jabung Timur,-1.224,103.97
625,5,Tanjung Jabung Barat,-1.07,103.113
626,5,Tebo,-1.311,102.362
627,5,Bungo,-1.599,101.932
628,5,Jambi,-1.613,103.598
629,5,Sungai Penuh,-2.116,101.338
630,6,Ogan Komering Ulu,-4.1,104.091
631,6,Ogan Komering Ilir,-3.342,105.39
632,6,Muara Enim,-3.553,103.988
633,6,Lahat,-3.83,103.386
634,6,Musi Rawas,-2.964,102.948
635,6,Musi Banyuasin,-2.441,103.828
636,6,Banyu Asin,-2.499,104.665
637,6,Ogan Komering Ulu Selatan,-4.598,103.918
638,6,Ogan Komering Ulu Timur,-4.069,104.566
639,6,Ogan Ilir,-3.412,104.599
640,6,Empat Lawang,-3.751,102.956
641,6,Palembang,-2.975,104.733
642,6,Prabumulih,-3.451,104.229
643,6,Pagar Alam,-4.11,103.261
644,6,Lubuklinggau,-3.26,102.881
645,7,Bengkulu Selatan,-4.349,103.023
646,7,Rejang Lebong,-3.43,102.697
647,7,Bengkulu Utara,-3.331,102.005
648,7,Kaur,-4.607,103.403
649,7,Seluma,-4.052,102.656
650,7,Mukomuko,-2.703,101.487
651,7,Lebong,-3.089,102.246
652,7,Kepahiang,-3.627,102.643
653,7,Bengkulu Tengah,-3.687,102.411
654,7,Bengkulu,-3.824,102.311
655,8,Lampung Barat,-5.21,104.194
656,8,Tanggamus,-5.436,104.671
657,8,Lampung Selatan,-5.524,105.498
658,8,Lampung Timur,-5.137,105.65
659,8,Lampung Tengah,-4.858,105.268
660,8,Lampung Utara,-4.813,104.805
661,8,Way Kanan,-4.516,104.616
662,8,Tulangbawang,-4.372,105.531
663,8,Pesawaran,-5.471,105.108
664,8,Pringsewu,-5.328,104.921
665,8,Mesuji,-4.026,105.379
666,8,Tulang Bawang Barat,-4.429,105.092
667,8,Bandar Lampung,-5.421,105.268
668,8,Metro,-5.122,105.306
669,9,Bangka,-1.905,105.919
670,9,Belitung,-2.87,107.716
671,9,Bangka Barat,-1.888,105.485
672,9,Bangka Tengah,-2.435,106.246
673,9,Bangka Selatan,-2.777,106.344
674,9,Belitung Timur,-2.903,108.049
675,9,Pangkalpinang,-2.114,106.11
676,10,Karimun,0.828,103.522
677,10,Bintan,1.028,104.612
678,10,Natuna,3.796,108.269
679,10,Lingga,-0.259,104.537
680,10,Kepulauan Anambas,3.073,106.028
681,10,Batam,0.967,104.067
682,10,Tanjungpinang,0.92,104.49
683,12,Bogor,-6.48245,106.837
684,12,Sukabumi,-7.078,106.707
685,12,Cianjur,-7.136,107.159
686,12,Bandung,-7.1,107.612
687,12,Garut,-7.36,107.79
688,12,Tasikmalaya,-7.497,108.14
689,12,Ciamis,-7.438,108.471
690,12,Kuningan,-7.004,108.559
691,12,Cirebon,-6.7613,108.582
692,12,Majalengka,-6.819,108.26
693,12,Sumedang,-6.829,107.984
694,12,Indramayu,-6.452,108.166
695,12,Subang,-6.485,107.732
696,12,Purwakarta,-6.596,107.433
697,12,Karawang,-6.254,107.357
698,12,Bekasi,-6.213,107.12
699,12,Kota Bogor,-6.52719,106.779
700,12,Kota Sukabumi,-6.935,106.93
701,12,Kota Cirebon,-6.745,108.554
702,12,Kota Bekasi,-6.276,106.975
703,12,Depok,-6.397,106.815
704,12,Cimahi,-6.889,107.543
705,12,Kota Tasikmalaya,-7.358,108.221
706,12,Banjar,-7.373,108.568
707,12,Bandung Barat,-6.891,107.407
708,13,Cilacap,-7.497,108.898
709,13,Banyumas,-7.452,109.169
710,13,Purbalingga,-7.323,109.407
711,13,Banjarnegara,-7.349,109.66
712,13,Kebumen,-7.65,109.617
713,13,Purworejo,-7.699,109.966
714,13,Wonosobo,-7.414,109.909
715,13,Magelang,-7.502,110.247
716,13,Klaten,-7.699,110.627
717,13,Sukoharjo,-7.683,110.833
718,13,Wonogiri,-7.921,111.001
719,13,Karanganyar,-7.617,111.026
720,13,Grobogan,-7.114,110.927
721,13,Blora,-7.076,111.388
722,13,Rembang,-6.775,111.463
723,13,Pati,-6.741,111.041
724,13,Kudus,-6.783,110.87
725,13,Jepara,-6.548,110.764
726,13,Demak,-6.908,110.633
727,13,Temanggung,-7.254,110.135
728,13,Kendal,-7.033,110.159
729,13,Batang,-7.021,109.859
730,13,Pekalongan,-7.057,109.62
731,13,Pemalang,-7.034,109.398
732,13,Tegal,-7.029,109.16
733,13,Brebes,-7.058,108.928
734,13,Kota Magelang,-7.484,110.226
735,13,Surakarta,-7.557,110.824
736,13,Salatiga,-7.337,110.504
737,13,Semarang,-7.02,110.391
738,13,Kota Pekalongan,-6.893,109.676
739,13,Kota Tegal,-6.868,109.12
740,13,Boyolali,-7.42,110.652
741,13,Sragen,-7.383,110.974
742,14,Kulon Progo,-7.815,110.167
743,14,Bantul,-7.9,110.352
744,14,Gunung Kidul,-7.997,110.611
745,14,Sleman,-7.72,110.385
746,14,Kota Yogyakarta,-7.805,110.372
747,15,Pacitan,-8.128,111.178
748,15,Ponorogo,-7.934,111.5
749,15,Trenggalek,-8.165,111.625
750,15,Tulungagung,-8.113,111.885
751,15,Blitar,-8.128,112.238
752,15,Kediri,-7.826,112.088
753,15,Malang,-8.126,112.642
754,15,Lumajang,-8.124,113.136
755,15,Jember,-8.235,113.653
756,15,Banyuwangi,-8.369,114.207
757,15,Bondowoso,-7.946,113.948
758,15,Situbondo,-7.803,114.052
759,15,Probolinggo,-7.864,113.321
760,15,Pasuruan,-7.741,112.834
761,15,Sidoarjo,-7.453,112.701
762,15,Mojokerto,-7.547,112.484
763,15,Jombang,-7.545,112.265
764,15,Nganjuk,-7.595,111.94
765,15,Madiun,-7.624,111.645
766,15,Magetan,-7.667,111.355
767,15,Ngawi,-7.44,111.343
768,15,Tuban,-6.952,111.891
769,15,Lamongan,-7.134,112.3
770,15,Bangkalan,-7.044,112.927
771,15,Sampang,-7.05,113.256
772,15,Pamekasan,-7.066,113.504
773,15,Sumenep,-6.971,114.341
774,15,Kediri,-7.822,112.017
775,15,Kota Blitar,-8.093,112.168
776,15,Kota Malang,-7.977,112.635
777,15,Kota Probolinggo,-7.776,113.209
778,15,Pasuruan,-7.649,112.906
779,15,Kota Mojokerto,-7.474,112.433
780,15,Kota Madiun,-7.627,111.528
781,15,Surabaya,-7.276,112.724
782,15,Batu,-7.831,112.532
783,15,Gresik,-6.913,112.559
784,16,Pandeglang,-6.588,105.741
785,16,Lebak,-6.644,106.209
786,16,Tangerang,-6.176,106.515
787,16,Serang,-6.143,106.148
788,16,Kota Tangerang,-6.18,106.648
789,16,Cilegon,-5.995,106.024
790,16,Kota Serang,-6.124,106.166
791,16,Tangerang Selatan,-6.299,106.703
792,17,Jembrana,-8.313,114.683
793,17,Klungkung,-8.669,115.498
794,17,Bangli,-8.293,115.346
795,17,Karangasem,-8.378,115.528
796,17,Buleleng,-8.202,114.96
797,17,Denpasar,-8.668,115.221
798,17,Gianyar,-8.484,115.286
799,17,Tabanan,-8.433,115.077
800,17,Badung,-8.581,115.188
801,35,Lombok Barat,-8.666,116.092
802,35,Lombok Tengah,-8.72,116.288
803,35,Lombok Timur,-8.532,116.532
804,35,Sumbawa,-8.704,117.484
805,35,Dompu,-8.472,118.214
806,35,Bima,-8.476,118.619
807,35,Sumbawa Barat,-8.834,116.914
808,35,Lombok Utara,-8.352,116.285
809,35,Mataram,-8.59,116.111
810,35,Kota Bima,-8.458,118.792
811,19,Sumba Barat,-9.642,119.38
812,19,Sumba Timur,-9.877,120.254
813,19,Kupang,-9.917,123.861
814,19,Timor Tengah Selatan,-9.826,124.4
815,19,Timor Tengah Utara,-9.376,124.571
816,19,Belu,-9.334,124.929
817,19,Alor,-8.303,124.574
818,19,Lembata,-8.384,123.535
819,19,Flores Timur,-8.362,122.944
820,19,Sikka,-8.616,122.306
821,19,Ende,-8.678,121.736
822,19,Ngada,-8.667,121
823,19,Manggarai,-8.565,120.4
824,19,Rote Ndao,-10.725,123.124
825,19,Manggarai Barat,-8.602,119.993
826,19,Sumba Tengah,-9.549,119.666
827,19,Sumba Barat Daya,-9.536,119.184
828,19,Nagekeo,-8.69,121.269
829,19,Manggarai Timur,-8.572,120.688
830,19,Sabu Raijua,-10.534,121.851
831,19,Kota Kupang,-10.199,123.609
832,20,Sambas,1.428,109.346
833,20,Bengkayang,1.013,109.566
834,20,Landak,0.516,109.771
835,20,Sanggau,0.27,110.433
836,20,Ketapang,-1.633,110.613
837,20,Sintang,0.093,112.07
838,20,Kapuas Hulu,0.833,112.802
839,20,Sekadau,-0.003,110.951
840,20,Melawi,-0.631,111.73
841,20,Kayong Utara,-1.089,109.935
842,20,Kubu Raya,-0.385,109.542
843,20,Pontianak,-0.03,109.33
844,20,Singkawang,0.903,109.035
845,21,Kotawaringin Barat,-2.545,111.747
846,21,Kotawaringin Timur,-2.066,112.712
847,21,Kapuas,-1.746,114.298
848,21,Barito Selatan,-1.814,114.906
849,21,Barito Utara,-0.932,115.135
850,21,Sukamara,-2.616,111.162
851,21,Lamandau,-1.8,111.402
852,21,Seruyan,-2.283,112.176
853,21,Katingan,-1.7,113.06
854,21,Pulang Pisau,-2.719,113.953
855,21,Gunung Mas,-1.026,113.533
856,21,Barito Timur,-1.983,115.144
857,21,Murung Raya,-0.032,114.279
858,21,Palangka Raya,-2.018,113.768
859,22,Tanah Laut,-3.819,114.903
860,22,Kota Baru,-2.983,116.064
861,22,Banjar,-3.32,115.077
862,22,Barito Kuala,-3.085,114.626
863,22,Tapin,-2.924,115.048
864,22,Hulu Sungai Selatan,-2.729,115.208
865,22,Hulu Sungai Tengah,-2.604,115.505
866,22,Hulu Sungai Utara,-2.439,115.149
867,22,Tabalong,-1.855,115.495
868,22,Tanah Bumbu,-3.444,115.645
869,22,Balangan,-2.31,115.64
870,22,Banjarmasin,-3.321,114.597
871,22,Banjar Baru,-3.477,114.821
872,23,Paser,-1.734,116.092
873,23,Kutai Barat,0.195,115.279
874,23,Kutai Kartanegara,0.104,116.494
875,23,Kutai Timur,0.959,117.138
876,23,Berau,1.915,117.31
877,23,Malinau,2.475,115.714
878,427,Bulungan,2.793,117.014
879,23,Nunukan,3.995,116.66
880,23,Penajam Paser Utara,-1.16,116.598
881,23,Tana Tidung,3.548,117.161
882,23,Balikpapan,-1.157,116.865
883,23,Samarinda,-0.5,117.179
884,427,Tarakan,3.355,117.6
885,23,Bontang,0.096,117.454
886,24,Bolaang Mongondow,0.708,124.036
887,24,Minahasa,1.254,124.853
888,24,Kepulauan Sangihe,3.544,125.548
889,24,Kepulauan Talaud,4.23,126.778
890,24,Minahasa Selatan,1.084,124.518
891,24,Minahasa Utara,1.536,125.011
892,24,Bolaang Mongondow Utara,0.768,123.471
893,24,Siau Tagulandang Biaro,2.54,125.399
894,24,Minahasa Tenggara,1.01,124.723
895,24,Bolaang Mongondow Selatan,0.443,123.94
896,24,Bolaang Mongondow Timur,0.722,124.509
897,24,Manado,1.521,124.856
898,24,Bitung,1.483,125.154
899,24,Tomohon,1.325,124.815
900,24,Kotamobagu,0.73,124.314
901,25,Banggai Kepulauan,-1.448,123.212
902,25,Banggai,-1.022,122.581
903,25,Morowali,-2.087,121.547
904,25,Poso,-1.68,120.523
905,25,Donggala,-0.396,119.838
906,25,Toli-toli,0.925,120.721
907,25,Buol,0.978,121.375
908,25,Parigi Moutong,0.016,120.455
909,25,Tojo Una-una,-1.127,121.568
910,25,Sigi,-1.407,119.971
911,25,Palu,-0.833,119.907
912,26,Kepulauan Selayar,-6.542,120.694
913,26,Bulukumba,-5.43,120.238
914,26,Bantaeng,-5.488,119.985
915,26,Jeneponto,-5.565,119.698
916,26,Takalar,-5.419,119.476
917,26,Gowa,-5.308,119.719
918,26,Sinjai,-5.212,120.136
919,26,Maros,-5.001,119.725
920,26,Pangkajene Dan Kepulauan,-4.806,119.612
921,26,Barru,-4.439,119.694
922,26,Bone,-4.695,120.129
923,26,Soppeng,-4.34,119.891
924,26,Wajo,-4.006,120.17
925,26,Sidenreng Rappang,-3.807,119.97
926,26,Pinrang,-3.624,119.598
927,26,Enrekang,-3.505,119.871
928,26,Luwu,-3.197,120.181
929,26,Tana Toraja,-3.107,119.709
930,26,Luwu Utara,-2.394,120.159
931,26,Luwu Timur,-2.55,121.136
932,26,Toraja Utara,-2.887,119.869
933,26,Makassar,-5.137,119.468
934,26,Parepare,-4.03,119.659
935,26,Palopo,-2.983,120.147
936,27,Buton,-5.365,122.739
937,27,Muna,-4.904,122.603
938,27,Konawe,-3.595,122.028
939,27,Kolaka,-3.924,121.574
940,27,Konawe Selatan,-4.263,122.417
941,27,Bombana,-4.794,121.849
942,27,Wakatobi,-5.571,123.779
943,27,Kolaka Utara,-3.249,121.157
944,27,Buton Utara,-4.698,123.018
945,27,Konawe Utara,-3.384,121.994
946,27,Kendari,-4.002,122.535
947,27,Bau-bau,-5.426,122.677
948,28,Boalemo,0.657,122.322
949,28,Gorontalo,0.691,122.713
950,28,Pohuwato,0.689,121.71
951,28,Bone Bolango,0.533,123.293
952,28,Gorontalo Utara,0.886,122.659
953,29,Majene,-3.169,118.922
954,29,Polewali Mandar,-3.315,119.143
955,29,Mamasa,-2.95,119.312
956,29,Mamuju,-2.335,119.403
957,29,Mamuju Utara,-1.488,119.506
958,30,Maluku Tenggara Barat,-7.587,131.367
959,30,Maluku Tenggara,-5.658,132.912
960,30,Maluku Tengah,-3.155,129.26
961,30,Buru,-3.304,126.72
962,30,Kepulauan Aru,-6.205,134.443
963,30,Seram Bagian Barat,-3.13,128.324
964,30,Seram Bagian Timur,-3.416,130.432
965,30,Maluku Barat Daya,-7.832,127.273
966,30,Buru Selatan,-3.582,126.571
967,30,Ambon,-3.669,128.182
968,30,Tual,-5.572,132.521
969,31,Halmahera Tengah,0.427,128.212
970,31,Kepulauan Sula,-1.874,125.155
971,31,Halmahera Selatan,-0.829,127.703
972,31,Halmahera Utara,1.549,127.834
973,31,Halmahera Timur,1.032,128.308
974,31,Pulau Morotai,2.314,128.451
975,31,Ternate,0.861,127.159
976,31,Tidore,0.483,127.677
977,31,Halmahera Barat,1.348,127.591
978,32,Fakfak,-3.057,132.914
979,32,Kaimana,-3.598,133.965
980,32,Teluk Wondama,-2.74,134.335
981,32,Teluk Bintuni,-2.001,133.307
982,32,Manokwari,-1.119,133.532
983,32,Sorong Selatan,-1.717,132.153
984,32,Sorong,-1.097,131.661
985,32,Raja Ampat,-0.892,130.584
986,32,Maybrat,-1.324,132.374
987,32,Sorong,-0.861,131.327
988,32,Tambrauw,-0.705,132.477
989,33,Jayawijaya,-4.104,138.874
990,33,Jayapura,-2.979,139.977
991,33,Nabire,-3.38,135.507
992,33,Kepulauan Yapen,-1.744,136.179
993,33,Biak Numfor,-1,135.838
994,33,Paniai,-3.804,136.491
995,33,Puncak Jaya,-3.46,137.844
996,33,Mimika,-4.493,136.661
997,33,Boven Digoel,-5.986,140.365
998,33,Asmat,-5.369,138.562
999,33,Yahukimo,-4.488,139.603
1000,33,Pegunungan Bintang,-4.515,140.534
1001,33,Tolikara,-3.484,138.409
1002,33,Sarmi,-2.473,139.004
1003,33,Keerom,-3.333,140.684
1004,33,Waropen,-2.748,136.727
1005,33,Supiori,-0.748,135.575
1006,33,Mamberamo Raya,-2.49,137.969
1007,33,Nduga,-4.429,138.237
1008,33,Lanny Jaya,-3.987,138.271
1009,33,Mamberamo Tengah,-3.617,139.016
1010,33,Yalimo,-3.813,139.456
1011,33,Puncak,-3.619,137.402
1012,33,Dogiyai,-4.008,135.632
1013,33,Intan Jaya,-3.538,136.747
1014,33,Deiyai,-4.141,136.386
1015,33,Kota Jayapura,-2.661,140.814
1016,33,Mappi,-6.497,139.399
1017,33,Merauke,-7.838,139.713
1018,533,TEUPAH SELATAN,2.317,96.486
1019,533,SIMEULUE TIMUR,2.488,96.327
1020,533,TEUPAH BARAT,2.486,96.233
1021,533,SIMEULUE TENGAH,2.618,96.025
1022,533,TELUK DALAM,2.637,96.145
1023,533,SALANG,2.677,95.86
1024,533,SIMEULUE BARAT,2.783,95.92
1025,533,ALAFAN,2.805,95.762
1026,534,PULAU BANYAK,2.154,97.25
1027,534,SINGKIL,2.331,97.803
1028,534,SINGKIL UTARA,2.274,97.995
1029,534,KUALA BARU,2.371,97.728
1030,534,SIMPANG KANAN,2.429,98.038
1031,534,GUNUNG MERIAH,2.384,97.962
1032,534,DANAU PARIS,2.315,98.118
1033,534,SURO MAKMUR,2.53,98.027
1034,534,SINGKOHOR,2.529,97.936
1035,534,KOTA BAHARU,2.46,97.854
1036,535,TRUMON,2.655,97.709
1037,535,TRUMON TIMUR,2.89,97.776
1038,535,BAKONGAN,3,97.539
1039,535,BAKONGAN TIMUR,2.908,97.561
1040,535,KLUET SELATAN,3.038,97.421
1041,535,KLUET TIMUR,3.172,97.456
1042,535,KLUET UTARA,3.125,97.349
1043,535,PASIERAJA,3.21,97.3
1044,535,KLUET TENGAH,3.427,97.356
1045,535,TAPAKTUAN,3.286,97.229
1046,535,SAMADUA,3.347,97.193
1047,535,SAWANG,3.429,97.175
1048,535,MEUKEK,3.563,97.172
1049,535,LABUHAN HAJI,3.59,97.048
1050,535,LABUHAN HAJI TIMUR,3.589,97.092
1051,535,LABUHAN HAJI BARAT,3.621,97.035
1052,536,LAWE ALAS,3.434,97.819
1053,536,BABUL RAHMAN,3.116,97.812
1054,536,TANOH ALAS,3.237,97.67
1055,536,LAWE SIGALA GALA,3.352,97.936
1056,536,BABUL MAKMUR,3.307,97.974
1057,536,SEMADAM,3.388,97.883
1058,536,LAUSER,3.154,97.93
1059,536,BAMBEL,3.439,97.902
1060,536,BUKIT TUSAM,3.413,97.868
1061,536,LAWE SUMUR,3.478,97.885
1062,536,BABUSSALAM,3.489,97.806
1063,536,LAWE BULAN,3.501,97.87
1064,536,BADAR,3.59,97.82
1065,536,DARUL HASANAH,3.522,97.563
1066,536,KETAMBE,3.674,97.741
1067,536,DELENG POKHISEN,3.533,97.857
1068,537,SERBA JADI,4.471,97.474
1069,537,SIMPANG JERNIH,4.37,97.692
1070,537,PEUNARON,4.625,97.65
1071,537,BIREM BAYEUN,4.478,97.858
1072,537,RANTAU SELAMAT,4.616,97.833
1073,537,SUNGAI RAYA,4.666,97.886
1074,537,PEUREULAK,4.762,97.857
1075,537,PEUREULAK TIMUR,4.716,97.89
1076,537,PEUREULAK BARAT,4.851,97.86
1077,537,RANTAU PEUREULAK,4.768,97.714
1078,537,IDI RAYEUK,4.955,97.76
1079,537,PEUDAWA,4.885,97.819
1080,537,BANDA ALAM,4.859,97.691
1081,537,IDI TUNONG,4.916,97.726
1082,537,DARUL IHSAN,4.904,97.759
1083,537,IDI TIMUR,4.911,97.794
1084,537,DARUL AMAN,4.972,97.702
1085,537,NURUSSALAM,4.975,97.659
1086,537,DARUL FALAH,5.011,97.641
1087,537,JULOK,5.037,97.601
1088,537,INDRA MAKMUR,4.869,97.584
1089,537,PANTE BIDARI,4.874,97.486
1090,537,SIMPANG ULIM,5.108,97.579
1091,537,MADAT,5.166,97.519
1092,538,LINGE,4.361,97.07
1093,538,ATU LINTANG,4.437,96.782
1094,538,JAGONG JEGET,4.381,96.731
1095,538,BINTANG,4.539,97.148
1096,538,LUT TAWAR,4.579,96.885
1097,538,KEBAYAKAN,4.653,96.87
1098,538,PEGASING,4.493,96.729
1099,538,BIES,4.612,96.791
1100,538,BEBESEN,4.638,96.812
1101,538,KUTE PANANG,4.688,96.775
1102,538,SILIH NARA,4.627,96.726
1103,538,KETOL,4.822,96.611
1104,538,CELALA,4.546,96.669
1105,538,RUSIP ANTARA,4.717,96.476
1106,538,DANAU,4.616,96.923
1107,539,JOHAN PAHLAWAN,4.189,96.119
1108,539,SAMATIGA,4.251,96.055
1109,539,BUBON,4.303,96.124
1110,539,ARONGAN LAMBALEK,4.336,95.95
1111,539,WOYLA,4.378,96.088
1112,539,WOYLA BARAT,4.414,95.985
1113,539,WOYLA TIMUR,4.46,96.092
1114,539,KAWAY XVI,4.271,96.218
1115,539,MEUREUBO,4.166,96.211
1116,539,PANTAI CEUREMEN,4.488,96.319
1117,539,PANTON REU,4.438,96.204
1118,539,SUNGAI MAS,4.622,96.216
1119,540,LHOONG,5.257,95.288
1120,540,LHOKNGA,5.471,95.265
1121,540,LEUPUNG,5.345,95.31
1122,540,INDRAPURI,5.419,95.454
1123,540,KUTA COT GLIE,5.316,95.48
1124,540,SEULIMEUM,5.479,95.625
1125,540,KOTA JANTHO,5.186,95.687
1126,540,LEMBAH SEULAWAH,5.37,95.708
1127,540,MESJID RAYA,5.586,95.518
1128,540,DARUSSALAM,5.595,95.42
1129,540,BAITUSSALAM,5.603,95.382
1130,540,KUTA BARO,5.552,95.427
1131,540,MONTASIK,5.49,95.459
1132,540,BLANG BINTANG,5.519,95.446
1133,540,INGIN JAYA,5.509,95.371
1134,540,KRUENG BARONA JAYA,5.549,95.364
1135,540,SUKA MAKMUR,5.429,95.366
1136,540,KUTA MALAKA,5.427,95.394
1137,540,SIMPANG TIGA,5.447,95.343
1138,540,DARUL IMARAH,5.508,95.314
1139,540,DARUL KAMAL,5.469,95.323
1140,540,PEUKAN BADA,5.54,95.242
1141,540,PULO ACEH,5.674,95.098
1142,541,GEUMPANG,4.846,96.271
1143,541,MANE,4.886,96.099
1144,541,GLUMPANG TIGA,5.213,96.027
1145,541,GLUMPANG BARO,5.28,96.031
1146,541,MUTIARA,5.287,95.974
1147,541,MUTIARA TIMUR,5.256,95.988
1148,541,TIRO/TRUSEP,5.144,95.986
1149,541,TANGSE,5.025,95.924
1150,541,KEUMALA,5.224,95.865
1151,541,TITEUE,5.206,95.91
1152,541,SAKTI,5.252,95.929
1153,541,MILA,5.285,95.886
1154,541,PADANG TIJI,5.354,95.817
1155,541,DELIMA,5.337,95.9
1156,541,GRONG-GRONG,5.374,95.902
1157,541,INDRAJAYA,5.312,95.935
1158,541,PEUKAN BARO,5.321,95.963
1159,541,KEMBANG TANJUNG,5.312,96.03
1160,541,SIMPANG TIGA,5.342,95.992
1161,541,KOTA SIGLI,5.384,95.958
1162,541,PIDIE,5.375,95.936
1163,541,BATEE,5.428,95.887
1164,541,MUARA TIGA,5.501,95.802
1165,555,SAMALANGA,5.084,96.366
1166,555,SIMPANG MAMPLAM,5.107,96.412
1167,555,PANDRAH,5.081,96.445
1168,555,JEUNIEB,5.075,96.48
1169,555,PEULIMBANG,5.045,96.506
1170,555,PEUDADA,5.063,96.568
1171,555,JULI,5.055,96.681
1172,555,JEUMPA,5.15,96.656
1173,555,KOTA JUANG,5.197,96.715
1174,555,KUALA,5.231,96.718
1175,555,JANGKA,5.251,96.798
1176,555,PEUSANGAN,5.2,96.769
1177,555,PEUSANGAN SELATAN,5.062,96.764
1178,555,PEUSANGAN SIBLAH KRUENG,5.071,96.803
1179,555,MAKMUR,5.143,96.854
1180,555,GANDAPURA,5.227,96.879
1181,555,KUTA BLANG,5.208,96.834
1182,554,SAWANG,5.048,96.886
1183,554,NISAM,5.168,97.01
1184,554,NISAM ANTARA,5.031,96.961
1185,554,BANDA BARO,5.187,96.969
1186,554,KUTA MAKMUR,5.089,97.048
1187,554,SIMPANG KEURAMAT,5.042,97.079
1188,554,SYAMTALIRA BAYU,5.082,97.181
1189,554,GEURUDONG PASE,4.954,97.02
1190,554,MEURAH MULIA,5.058,97.203
1191,554,MATANGKULI,5.03,97.275
1192,554,PAYA BAKONG,4.924,97.238
1193,554,PIRAK TIMU,4.992,97.286
1194,554,COT GIREK,4.872,97.341
1195,554,TANAH JAMBO AYE,5.091,97.466
1196,554,LANGKAHAN,4.883,97.439
1197,554,SEUNUDON,5.196,97.425
1198,554,BAKTIYA,5.086,97.416
1199,554,BAKTIYA BARAT,5.132,97.343
1200,554,LHOKSUKON,5.03,97.359
1201,554,TANAH LUAS,4.967,97.137
1202,554,NIBONG,5.045,97.226
1203,554,SAMUDERA,5.123,97.227
1204,554,SYAMTALIRA ARON,5.104,97.256
1205,554,TANAH PASIR,5.133,97.265
1206,554,LAPANG,5.144,97.293
1207,554,MUARA BATU,5.241,96.947
1208,554,DEWANTARA,5.237,97.008
1209,542,MANGGENG,3.621,96.921
1210,542,LEMBAH SABIL,3.625,96.994
1211,542,TANGANTANGAN,3.688,96.988
1212,542,SETIA,3.698,96.875
1213,542,BLANGPIDIE,3.831,96.98
1214,542,TANGANTANGAN,3.765,96.81
1215,542,SUSOH,3.727,96.818
1216,542,KUALABATEE,3.873,96.785
1217,542,BABAH ROT,3.895,96.688
1218,543,KUTAPANJANG,3.857,97.219
1219,543,BLANG JERANGO,3.966,97.166
1220,543,BLANGKEJEREN,3.932,97.368
1221,543,PUTRI BETUNG,3.782,97.469
1222,543,DABUN GELANG,3.963,97.492
1223,543,BLANG PEGAYON,3.831,97.28
1224,543,PINING,4.002,97.674
1225,543,RIKIT GAIB,4.119,97.297
1226,543,PANTAN CUACA,4.164,97.183
1227,543,TERANGUN,4.049,96.917
1228,543,TRIPE JAYA,4.17,96.98
1229,544,TAMIANG HULU,4.158,97.848
1230,544,BANDAR PUSAKA,4.274,97.851
1231,544,KEJURUAN MUDA,4.201,98.022
1232,544,TENGGULUN,4.021,97.94
1233,544,RANTAU,4.299,98.108
1234,544,KOTA KUALA SIMPANG,4.285,98.062
1235,544,SEURUWAY,4.342,98.209
1236,544,BENDAHARA,4.412,98.183
1237,544,BANDA MULIA,4.445,98.142
1238,544,KARANG BARU,4.343,98.042
1239,544,SEKERAK,4.317,97.925
1240,544,MANYAK PAYED,4.432,98.027
1241,545,DARUL MAKMUR,3.967,96.549
1242,545,KUALA,4.096,96.298
1243,545,KUALA PESISIR,4.061,96.257
1244,545,TADU RAYA,4.07,96.393
1245,545,BEUTONG,4.32,96.568
1246,545,SEUNAGAN,4.229,96.302
1247,545,SUKA MAKMUE,4.181,96.317
1248,545,SEUNAGAN TIMUR,4.34,96.371
1249,546,TEUNOM,4.56,95.916
1250,546,PANGA,4.641,95.81
1251,546,KRUENG SABEE,4.785,95.79
1252,546,SETIA BAKTI,4.804,95.642
1253,546,SAMPOINIET,4.932,95.563
1254,546,JAYA,5.115,95.458
1255,547,TIMANG GAJAH,4.794,96.775
1256,547,PINTU RIME GAYO,4.898,96.752
1257,547,BUKIT,4.717,96.873
1258,547,WIH PESAM,4.726,96.802
1259,547,BANDAR,4.719,96.943
1260,547,SYIAH UTAMA,4.741,97.137
1261,547,PERMATA,4.824,96.929
1262,553,MEUREUDU,5.058,96.241
1263,553,MEURAH DUA,5.221,96.26
1264,553,BANDAR DUA,5.112,96.312
1265,553,JANGKA BUYA,5.22,96.325
1266,553,ULIM,5.189,96.269
1267,553,TRIENGGADENG,5.219,96.172
1268,553,PANTERAJA,5.258,96.146
1269,553,BANDAR BARU,5.184,96.091
1270,548,MEURAXA,5.556,95.296
1271,548,JAYA BARU,5.536,95.297
1272,548,BANDA RAYA,5.527,95.314
1273,548,BAITURRAHMAN,5.545,95.319
1274,548,LUENG BATA,5.539,95.335
1275,548,KUTA ALAM,5.571,95.33
1276,548,KUTA RAJA,5.569,95.314
1277,548,SYIAH KUALA,5.584,95.351
1278,548,ULEE KARENG,5.549,95.348
1279,549,SUKAJAYA,5.824,95.325
1280,549,SUKAKARYA,5.858,95.278
1281,550,LANGSA TIMUR,4.465,98.022
1282,550,LANGSA LAMA,4.45,97.962
1283,550,LANGSA BARAT,4.51,97.997
1284,550,LANGSA BARO,4.49,97.924
1285,550,LANGSA KOTA,4.471,97.974
1286,551,BLANG MANGAT,5.124,97.135
1287,551,MUARA DUA,5.161,97.127
1288,551,MUARA SATU,5.202,97.072
1289,551,BANDA SAKTI,5.191,97.135
1290,552,SIMPANG KIRI,2.674,97.973
1291,552,PENANGGALAN,2.691,98.061
1292,552,RUNDENG,2.688,97.848
1293,552,SULTAN DAULAT,2.829,97.934
1294,552,LONGKIB,2.576,97.879
1295,556,IDANO GAWO,1.044,97.789
1296,556,BAWOLATO,0.971,97.865
1297,556,ULUGAWO,0.982,97.721
1298,556,GIDO,1.114,97.725
1299,556,MAU,1.051,97.637
1300,556,SOMOLO-MOLO,1.036,97.671
1301,556,HILIDUHO,1.241,97.529
1302,556,HILISERANGKAI,1.173,97.594
1303,556,BOTOMUZOI,1.17,97.542
1304,557,BATAHAN,0.379,99.227
1305,557,SINUNUKAN,0.471,99.242
1306,557,BATANG NATAL,0.665,99.433
1307,557,LINGGA BAYU,0.6,99.271
1308,557,RANTO BAEK,0.52,99.377
1309,557,KOTANOPAN,0.631,99.725
1310,557,ULU PUNGKUT,0.531,99.768
1311,557,TAMBANGAN,0.689,99.647
1312,557,LEMBAH SORIK MARAPI,0.742,99.6
1313,557,PUNCAK SOROK MARAPI,0.683,99.576
1314,557,MUARA SIPONGI,0.613,99.881
1315,557,PAKANTAN,0.527,99.899
1316,557,PANYABUNGAN,0.866,99.615
1317,557,PANYABUNGAN SELATAN,0.754,99.537
1318,557,PANYABUNGAN BARAT,0.819,99.497
1319,557,PANYABUNGAN UTARA,0.931,99.552
1320,557,PANYABUNGAN TIMUR,0.792,99.739
1321,557,HUTA BARGOT,0.878,99.451
1322,557,NATAL,0.716,99.184
1323,557,MUARA BATANG GADIS,1.028,99.098
1324,557,SIABU,1.029,99.467
1325,557,BUKIT MALINTANG,0.975,99.545
1326,557,NAGA JUANG,0.93,99.454
1327,558,BATANG ANGKOLA,1.228,99.24
1328,558,SAYUR MATINGGI,1.111,99.335
1329,558,ANGKOLA TIMUR,1.463,99.334
1330,558,ANGKOLA SELATAN,1.318,99.15
1331,558,ANGKOLA BARAT,1.394,99.084
1332,558,BATANG TORU,1.55,99.085
1333,558,MARANCAR,1.512,99.173
1334,558,MUARA BATANG TORU,1.387,98.9
1335,558,SIPIROK,1.603,99.299
1336,558,ARSE,1.703,99.351
1337,558,SAIPAR DOLOK HOLE,1.815,99.437
1338,558,AEK BILAH,1.989,99.495
1339,559,PINANGSORI,1.536,98.869
1340,559,BADIRI,1.574,98.832
1341,559,SIBABANGUN,1.583,98.998
1342,559,LUMUT,1.524,98.903
1343,559,SUKABANGUN,1.457,98.934
1344,559,PANDAN,1.687,98.839
1345,559,TUKKA,1.703,98.918
1346,559,SARUDIK,1.738,98.841
1347,559,TAPIAN NAULI,1.725,98.64
1348,559,SITAHUIS,1.805,98.824
1349,559,KOLANG,1.865,98.713
1350,559,SORKAM,1.925,98.666
1351,559,SORKAM BARAT,1.92,98.564
1352,559,PASARIBU TOBING,1.986,98.619
1353,559,BARUS,2.025,98.411
1354,559,SOSORGADONG,2.021,98.518
1355,559,ANDAM DEWI,2.068,98.394
1356,559,BARUS UTARA,2.061,98.433
1357,559,MANDUAMAS,2.181,98.222
1358,559,SIRANDORUNG,2.102,98.322
1359,560,PARMONANGAN,2.059,98.79
1360,560,ADIAN KOTING,1.881,98.913
1361,560,SIPOHOLON,2.064,98.921
1362,560,TARUTUNG,2.023,98.986
1363,560,SIATAS BARITA,2.005,99.049
1364,560,PAHAE JULU,1.88,99.059
1365,560,PAHAE JAE,1.82,99.15
1366,560,PURBATUA,1.723,99.067
1367,560,SIMANGUMBAN,1.76,99.227
1368,560,PANGARIBUAN,1.958,99.202
1369,560,GAROGA,2.03,99.352
1370,560,SIPAHUTAR,2.129,99.135
1371,560,SIBORONG-BORONG,2.207,99.025
1372,560,PAGARAN,2.178,98.884
1373,560,MUARA,2.32,98.948
1374,561,BALIGE,2.3,99.081
1375,561,TAMPAHAN,2.31,99.014
1376,561,LAGUBOTI,2.33,99.162
1377,561,HABINSARAN,2.36,99.343
1378,561,BORBOR,2.209,99.283
1379,561,NASSAU,2.313,99.47
1380,561,SILAEN,2.429,99.276
1381,561,SIGUMPAR,2.394,99.179
1382,561,PORSEA,2.476,99.125
1383,561,PINTU POHAN MERANT,2.53,99.352
1384,561,SIANTAR NARUMONDA,2.454,99.216
1385,561,PARMAKSIAN,2.487,99.192
1386,561,LUMBAN JULU,2.569,99.035
1387,561,ULUAN,2.442,99.08
1388,561,AJIBATA,2.608,98.947
1389,561,BONATUA LUNASI,2.528,99.125
1390,562,BILAH HULU,1.987,99.93
1391,562,PANGKATAN,2.186,100.017
1392,562,BILAH BARAT,2.089,99.798
1393,562,BILAH HILIR,2.343,100.075
1394,562,PANAI HULU,2.426,100.138
1395,562,PANAI TENGAH,2.366,100.243
1396,562,PANAI HILIR,2.617,100.173
1397,562,RANTAU SELATAN,2.061,99.846
1398,562,RANTAU UTARA,2.105,99.823
1399,563,BANDAR PASIR MANDOGE,2.735,99.263
1400,563,BANDAR PULAU,2.664,99.4
1401,563,AEK SONGSONGAN,2.605,99.369
1402,563,RAHUNING,2.73,99.509
1403,563,PULAU RAKYAT,2.733,99.683
1404,563,AEK KUASAN,2.667,99.711
1405,563,AEK LEDONG,2.611,99.647
1406,563,SEI KEPAYANG,2.833,99.865
1407,563,SEI KEPAYANG BARAT,2.958,99.853
1408,563,SEI KEPAYANG TIMUR,2.959,99.922
1409,563,TANJUNG BALAI,3.036,99.817
1410,563,SIMPANG EMPAT,2.901,99.746
1411,563,TELUK DALAM,2.81,99.669
1412,563,AIR BATU,2.863,99.625
1413,563,SEI DADAP,2.941,99.646
1414,563,BUNTU PANE,2.862,99.488
1415,563,TINGGI RAJA,2.832,99.54
1416,563,SETIA JANJI,2.937,99.489
1417,563,MERANTI,3.083,99.619
1418,563,PULO BANDRING,2.993,99.556
1419,563,RAWANG PANCA ARGA,3.06,99.661
1420,563,AIR JOMAN,3.012,99.716
1421,563,SILO LAUT,3.09,99.745
1422,563,KISARAN BARAT,2.994,99.597
1423,563,KISARAN TIMUR,2.986,99.645
1424,564,SILIMAKUTA,2.955,98.631
1425,564,PEMATANG SILIMAHUT,2.946,98.571
1426,564,PURBA,2.915,98.714
1427,564,HARANGGAOL HORISON,2.866,98.669
1428,564,DOLOK PARDAMEAN,2.843,98.816
1429,564,SIDAMANIK,2.843,98.942
1430,564,PEMATANG SIDAMANIK,2.785,98.879
1431,564,GIRSANG SIPANGAN B,2.676,98.969
1432,564,TANAH JAWA,2.879,99.176
1433,564,HATONDUHAN,2.747,99.125
1434,564,DOLOK PANRIBUAN,2.778,99.036
1435,564,JORLANG HATARAN,2.823,99.004
1436,564,PANEI,2.901,98.939
1437,564,PANOMBEAN PANEI,2.954,98.988
1438,564,RAYA,2.979,98.856
1439,564,DOLOK SILAU,3.068,98.701
1440,564,SILAU KAHEAN,3.179,98.853
1441,564,RAYA KAHEAN,3.118,98.923
1442,564,TAPIAN DOLOK,3.065,99.065
1443,564,DOLOK BATUNANGGAR,3.124,99.149
1444,564,SIANTAR,2.94,99.106
1445,564,GUNUNG MALELA,3.023,99.203
1446,564,GUNUNG MALIGAS,3.047,99.154
1447,564,HUTABAYU RAJA,2.988,99.296
1448,564,JAWA MARAJA BAH JA,2.961,99.223
1449,564,PEMATANG BANDAR,3.103,99.248
1450,564,BANDAR HULUAN,3.167,99.22
1451,564,BANDAR,3.185,99.321
1452,564,BANDAR MASILAM,3.253,99.297
1453,564,BOSAR MALIGAS,3.048,99.375
1454,564,UJUNG PADANG,3.018,99.462
1455,565,SIDIKALANG,2.74,98.32
1456,565,BERAMPU,2.734,98.254
1457,565,SITINJO,2.703,98.362
1458,565,PARBULUAN,2.635,98.474
1459,565,SUMBUL,2.755,98.449
1460,565,SILAHI SABUNGAN,2.771,98.529
1461,565,SILIMA PUNGGA-PUNGGA,2.858,98.06
1462,565,LAE PARIRA,2.787,98.182
1463,565,SIEMPAT NEMPU,2.814,98.221
1464,565,SIEMPAT NEMPU HULU,2.82,98.272
1465,565,SIEMPAT NEMPU HILIR,2.899,98.065
1466,565,TIGALINGGA,2.891,98.248
1467,565,GUNUNG SITEMBER,2.947,98.147
1468,565,PEGAGAN HILIR,2.855,98.387
1469,565,TANAH PINEM,2.997,98.105
1470,566,MARDINDING,3.233,98.029
1471,566,LAUBALENG,3.136,98.074
1472,566,TIGABINANGA,3.096,98.212
1473,566,JUHAR,2.999,98.294
1474,566,MUNTE,3.06,98.377
1475,566,KUTABULUH,3.199,98.223
1476,566,PAYUNG,3.126,98.375
1477,566,TIGANDERKET,3.19,98.346
1478,566,SIMPANG EMPAT,3.138,98.453
1479,566,NAMAN TERAN,3.201,98.416
1480,566,MERDEKA,3.2,98.48
1481,566,KABANJAHE,3.103,98.475
1482,566,BERASTAGI,3.19,98.517
1483,566,TIGAPANAH,3.069,98.503
1484,566,DOLAT RAYAT,3.173,98.543
1485,566,MEREK,2.957,98.48
1486,566,BARUS JAHE,3.136,98.581
1487,567,GUNUNG MERIAH,3.129,98.668
1488,567,STM HULU,3.245,98.699
1489,567,SIBOLANGIT,3.304,98.565
1490,567,KUTALIMBARU,3.416,98.521
1491,567,PANCUR BATU,3.487,98.579
1492,567,NAMO RAMBE,3.442,98.638
1493,567,BIRU-BIRU,3.386,98.659
1494,567,STM HILIR,3.374,98.721
1495,567,BANGUN PURBA,3.371,98.82
1496,567,GALANG,3.439,98.885
1497,567,TANJUNG MORAWA,3.532,98.806
1498,567,PATUMBAK,3.495,98.722
1499,567,DELI TUA,3.496,98.69
1500,567,SUNGGAL,3.614,98.579
1501,567,HAMPARAN PERAK,3.767,98.601
1502,567,LABUHAN DELI,3.766,98.657
1503,567,PERCUT SEI TUAN,3.658,98.751
1504,567,BATANG KUIS,3.625,98.821
1505,567,PANTAI LABU,3.668,98.879
1506,567,BERINGIN,3.623,98.878
1507,567,LUBUK PAKAM,3.57,98.885
1508,567,PAGAR MERBAU,3.544,98.9
1509,568,BOHOROK,3.466,98.094
1510,568,SERAPIT,3.583,98.3
1511,568,SALAPIAN,3.431,98.312
1512,568,KUTAMBARU,3.329,98.276
1513,568,SEI BINGAI,3.378,98.456
1514,568,KUALA,3.462,98.383
1515,568,SELESAI,3.613,98.4
1516,568,BINJAI,3.663,98.459
1517,568,STABAT,3.733,98.462
1518,568,WAMPU,3.7,98.34
1519,568,BATANG SERANGAN,3.694,98.031
1520,568,SAWIT SEBERANG,3.822,98.229
1521,568,PADANG TUALANG,3.814,98.323
1522,568,HINAI,3.833,98.428
1523,568,SECANGGANG,3.866,98.541
1524,568,TANJUNGPURA,3.961,98.476
1525,568,GEBANG,3.973,98.375
1526,568,BABALAN,4.032,98.336
1527,568,SEI LEPAN,3.884,98.175
1528,568,BRANDAN BARAT,4.035,98.256
1529,568,BESITANG,3.954,98.069
1530,568,PANGKALANSUSU,4.14,98.221
1531,568,PEMATANG JAYA,4.21,98.152
1532,569,HIBALA,-0.369,98.454
1533,569,PULAU PULAU BATU,-0.105,98.299
1534,569,PULAU PULAU BATU TIMUR,0.095,98.66
1535,569,TELUK DALAM,0.609,97.833
1536,569,FANAYAMA,0.616,97.769
1537,569,TOMA,0.669,97.878
1538,569,MANIAMOLO,0.648,97.732
1539,569,MAZINO,0.706,97.828
1540,569,AMANDRAYA,0.75,97.688
1541,569,ARAMO,0.73,97.744
1542,569,LAHUSA,0.798,97.848
1543,569,GOMO,0.879,97.788
1544,569,SUSUA,0.795,97.761
1545,569,MAZO,0.825,97.769
1546,569,UMBUNASI,0.923,97.741
1547,569,LOLOMATUA,0.922,97.667
1548,569,LOLOWAU,0.92,97.595
1549,569,HILIMEGAI,0.861,97.634
1550,570,PAKKAT,2.168,98.457
1551,570,ONAN GANJANG,2.119,98.622
1552,570,SIJAMAPOLANG,2.143,98.705
1553,570,DOLOKSANGGUL,2.25,98.733
1554,570,LINTONG NIHUTA,2.26,98.856
1555,570,PARANGINAN,2.295,98.93
1556,570,BAKTI RAJA,2.33,98.818
1557,570,POLLUNG,2.355,98.69
1558,570,PARLILITAN,2.375,98.468
1559,570,TARABINTANG,2.264,98.371
1560,571,SALAK,2.459,98.285
1561,571,SITELLU TALI URANG JEHE,2.662,98.163
1562,571,PAGINDAR,2.437,98.178
1563,571,SITELLU TALI URANG JULU,2.5,98.379
1564,571,PERGETTENG-GETTENG SENGKU,2.543,98.252
1565,571,KERAJAAN,2.639,98.285
1566,571,TINADA,2.602,98.319
1567,571,SIEMPAT RUBE,2.574,98.401
1568,572,SIANJUR MULAMULA,2.634,98.607
1569,572,HARIAN,2.506,98.591
1570,572,SITIO-TIO,2.449,98.763
1571,572,ONANRUNGGU,2.498,98.945
1572,572,NAINGGOLAN,2.474,98.896
1573,572,PALIPI,2.528,98.819
1574,572,RONGGUR NIHUTA,2.619,98.794
1575,572,PANGURURAN,2.629,98.72
1576,572,SIMANINDO,2.666,98.806
1577,573,KOTARIH,3.289,98.857
1578,573,SILINDA,3.263,98.797
1579,573,BINTANG BAYU,3.297,98.927
1580,573,DOLOK MASIHUL,3.327,99.021
1581,573,SERBA JADI,3.39,98.941
1582,573,SIPISPIS,3.163,99.015
1583,573,DOLOK MERAWAN,3.19,99.119
1584,573,TEBING TINGGI,3.339,99.148
1585,573,TEBING SYAHBANDAR,3.295,99.205
1586,573,BANDAR KHALIPAH,3.418,99.268
1587,573,TANJUNG BERINGIN,3.483,99.212
1588,573,SEI RAMPAH,3.457,99.072
1589,573,SEI BAMBAN,3.426,99.152
1590,573,TELUK MENGKUDU,3.538,99.124
1591,573,PERBAUNGAN,3.56,99
1592,573,PEGAJAHAN,3.484,98.978
1593,573,PANTAI CERMIN,3.617,98.99
1594,574,SEI BALAI,3.104,99.58
1595,574,TANJUNG TIRAM,3.168,99.658
1596,574,TALAWI,3.168,99.535
1597,574,LIMA PULUH,3.219,99.459
1598,574,AIR PUTIH,3.287,99.396
1599,574,SEI SUKA,3.319,99.328
1600,574,MEDANG DERAS,3.379,99.363
1601,575,BATANG ONANG,1.33,99.464
1602,575,PADANG BOLAK JULU,1.485,99.481
1603,575,PORTIBI,1.408,99.655
1604,575,PADANG BOLAK,1.549,99.61
1605,575,SIMANGAMBAT,1.519,100.093
1606,575,HALONGONAN,1.629,99.777
1607,575,DOLOK,1.843,99.674
1608,575,DOLOK SIGOMPULON,1.969,99.701
1609,575,HULU SIHAPAS,1.457,99.425
1610,576,SOSOPAN,1.205,99.559
1611,576,ULU BARUMUN,1.072,99.633
1612,576,BARUMUN,0.989,99.703
1613,576,LUBUK BARUMUN,1.16,99.787
1614,576,SOSA,1.006,99.874
1615,576,BATANG LUBU SUTAM,0.909,100.068
1616,576,HUTA RAJA TINGGI,1.147,100.036
1617,576,HURISTAK,1.382,99.908
1618,576,BARUMUN TENGAH,1.305,99.751
1619,577,SUNGAI KANAN,1.734,99.876
1620,577,TORGAMBA,1.701,100.248
1621,577,KOTA PINANG,1.887,100.078
1622,577,SILANGKITANG,1.87,99.938
1623,577,KAMPUNG RAKYAT,2.067,100.213
1624,578,NA IX-X,2.169,99.662
1625,578,MARBAU,2.246,99.863
1626,578,AEK KUO,2.373,99.857
1627,578,AEKNATAS,2.293,99.606
1628,578,KUALUH SELATAN,2.472,99.649
1629,578,KUALUH HILIR,2.541,99.967
1630,578,KUALUH HULU,2.549,99.639
1631,578,KUALUH LEIDONG,2.698,99.916
1632,579,TUGALA OYO,1.123,97.426
1633,579,ALASA,1.199,97.392
1634,579,ALASA TALUMUZOI,1.253,97.457
1635,579,NAMOHALU ESIWA,1.329,97.42
1636,579,SITOLU ORI,1.405,97.448
1637,579,TUHEMBERUA,1.449,97.463
1638,579,SAWO,1.494,97.385
1639,579,LOTU,1.421,97.363
1640,579,LAHEWA TIMUR,1.356,97.315
1641,579,AFULU,1.255,97.282
1642,579,LAHEWA,1.37,97.195
1643,580,SIROMBU,0.924,97.452
1644,580,LAHOMI,0.977,97.51
1645,580,ULU MARO O,1.026,97.554
1646,580,LOLOFITU MOI,1.078,97.602
1647,580,MANDREHE UTARA,1.116,97.521
1648,580,MANDREHE,1.052,97.507
1649,580,MANDREHE BARAT,1.015,97.43
1650,580,MARO O,1.072,97.424
1651,581,SIBOLGA UTARA,1.748,98.784
1652,581,SIBOLGA KOTA,1.727,98.774
1653,581,SIBOLGA SELATAN,1.731,98.799
1654,581,SIBOLGA SAMBAS,1.733,98.786
1655,582,DATUK BANDAR,2.947,99.779
1656,582,DATUK BANDAR TIMUR,2.945,99.817
1657,582,TANJUNGBALAI SELATAN,2.963,99.802
1658,582,TANJUNGBALAI UTARA,2.97,99.802
1659,582,SEI TUALANG RASO,2.989,99.784
1660,582,TELUK NIBUNG,3.002,99.804
1661,583,SIANTAR MARIHAT,2.944,99.085
1662,583,SIANTAR MARIMBUN,2.922,99.049
1663,583,SIANTAR SELATAN,2.948,99.061
1664,583,SIANTAR BARAT,2.957,99.056
1665,583,SIANTAR UTARA,2.97,99.064
1666,583,SIANTAR TIMUR,2.962,99.079
1667,583,SIANTAR MARTOBA,2.996,99.077
1668,583,SIANTAR SITALASARI,2.973,99.039
1669,584,PADANG HULU,3.303,99.139
1670,584,TEBING TINGGI KOTA,3.327,99.162
1671,584,RAMBUTAN,3.353,99.165
1672,584,BAJENIS,3.333,99.137
1673,584,PADANG HILIR,3.327,99.178
1674,585,MEDAN TUNTUNGAN,3.518,98.622
1675,585,MEDAN JOHOR,3.529,98.67
1676,585,MEDAN AMPLAS,3.539,98.713
1677,585,MEDAN DENAI,3.573,98.721
1678,585,MEDAN AREA,3.579,98.7
1679,585,MEDAN KOTA,3.57,98.695
1680,585,MEDAN MAIMUN,3.568,98.684
1681,585,MEDAN POLONIA,3.56,98.673
1682,585,MEDAN BARU,3.568,98.659
1683,585,MEDAN SELAYANG,3.553,98.634
1684,585,MEDAN SUNGGAL,3.581,98.627
1685,585,MEDAN HELVETIA,3.606,98.633
1686,585,MEDAN PETISAH,3.592,98.66
1687,585,MEDAN BARAT,3.608,98.668
1688,585,MEDAN TIMUR,3.619,98.682
1689,585,MEDAN PERJUANGAN,3.603,98.693
1690,585,MEDAN TEMBUNG,3.606,98.711
1691,585,MEDAN DELI,3.66,98.675
1692,585,MEDAN LABUHAN,3.719,98.695
1693,585,MEDAN MARELAN,3.712,98.655
1694,585,MEDAN KOTA BELAWAN,3.767,98.668
1695,586,BINJAI SELATAN,3.565,98.472
1696,586,BINJAI KOTA,3.6,98.477
1697,586,BINJAI TIMUR,3.595,98.517
1698,586,BINJAI UTARA,3.643,98.498
1699,586,BINJAI BARAT,3.618,98.468
1700,587,PADANGSIDIMPUAN TENGGARA,1.333,99.317
1701,587,PADANGSIDIMPUAN SELATAN,1.373,99.277
1702,587,PADANGSIDIMPUAN BATUNADUA,1.406,99.299
1703,587,PADANGSIDIMPUAN UTARA,1.394,99.26
1704,587,PADANGSIDIMPUAN HUTAIMBAR,1.425,99.241
1705,587,PADANGSIDIMPUAN ANGKOLA J,1.448,99.268
1706,588,GUNUNG SITOLI IDANOI,1.154,97.646
1707,588,GUNUNG SITOLI SELATAN,1.216,97.628
1708,588,GUNUNG SITOLI BARAT,1.226,97.588
1709,588,GUNUNG SITOLI,1.279,97.599
1710,588,GUNUNG SITOLI ALO OA,1.307,97.536
1711,588,GUNUNG SITOLI UTARA,1.364,97.521
1712,589,PAGAI SELATAN,-3.049,100.34
1713,589,SIKAKAP,-2.756,100.147
1714,589,PAGAI UTARA,-2.668,100.039
1715,589,SIPORA SELATAN,-2.244,99.718
1716,589,SIPORA UTARA,-2.141,99.606
1717,589,SIBERUT SELATAN,-1.529,99.058
1718,589,SEBERUT BARAT DAYA,-1.674,99.048
1719,589,SIBERUT TENGAH,-1.364,99.051
1720,589,SIBERUT UTARA,-1.187,98.883
1721,589,SIBERUT BARAT,-1.209,98.764
1722,590,LUNANG SILAUT,-2.298,101.097
1723,590,BASA AMPEK BALAI TAPAN,-2.135,101.092
1724,590,PANCUNG SOAL,-2.014,101.015
1725,590,LINGGO SARI BAGANTI,-1.821,100.987
1726,590,RANAH PESISIR,-1.686,100.921
1727,590,LENGAYANG,-1.574,100.83
1728,590,SUTERA,-1.455,100.752
1729,590,BATANG KAPAS,-1.392,100.666
1730,590,IV JURAI,-1.265,100.663
1731,590,BAYANG,-1.258,100.533
1732,590,IV NAGARI BAYANG UTARA,-1.15,100.641
1733,590,KOTO XI TARUSAN,-1.134,100.484
1734,591,PANTAI CERMIN,-1.239,100.882
1735,591,LEMBAH GUMANTI,-1.089,100.803
1736,591,HILIRAN GUMANTI,-1.145,100.935
1737,591,PAYUNG SEKAKI,-0.88,100.831
1738,591,TIGO LURAH BAJANJANG,-1.022,101.024
1739,591,LEMBANG JAYA,-0.965,100.719
1740,591,DANAU KEMBAR,-1.055,100.695
1741,591,GUNUNG TALANG,-0.964,100.622
1742,591,BUKIT SUNDI,-0.882,100.723
1743,591,IX KOTO SUNGAI LASI,-0.79,100.758
1744,591,KUBUNG,-0.819,100.606
1745,591,X KOTO DIATAS,-0.628,100.656
1746,591,X KOTO SINGKARAK,-0.711,100.572
1747,591,JUNJUNG SIRIH,-0.68,100.493
1748,591,DANAU,-1.076,100.755
1749,592,KAMANG BARU,-0.782,101.31
1750,592,TANJUNG GADANG,-0.851,101.138
1751,592,SIJUNJUNG,-0.615,101.058
1752,592,LUBUK TAROK,-0.794,100.998
1753,592,IV NAGARI,-0.727,100.888
1754,592,KUPITAN,-0.707,100.833
1755,592,KOTO TUJUH,-0.596,100.847
1756,592,SUMPUR KUDUS,-0.435,100.932
1757,607,SEPULUH KOTO,-0.451,100.383
1758,607,BATIPUH,-0.492,100.456
1759,607,BATIPUH SELATAN,-0.597,100.466
1760,607,PARIANGAN,-0.449,100.501
1761,607,RAMBATAN,-0.524,100.573
1762,607,LIMA KAUM,-0.459,100.566
1763,607,TANJUNG EMAS,-0.48,100.659
1764,607,PADANG GANTING,-0.528,100.722
1765,607,LINTAU BUO,-0.488,100.791
1766,607,LINTAU BUO UTARA,-0.395,100.737
1767,607,SUNGAYANG,-0.38,100.617
1768,607,SUNGAI TARAB,-0.402,100.54
1769,607,SALIMPAUNG,-0.344,100.556
1770,607,TANJUNG BARU,-0.314,100.529
1771,593,BATANG ANAI,-0.753,100.316
1772,593,LUBUK ALUNG,-0.69,100.355
1773,593,SINTUK TOBOH GADANG,-0.669,100.251
1774,593,ULAKAN TAPAKIS,-0.701,100.216
1775,593,NAN SABARIS,-0.653,100.191
1776,593,2 X 11 ENAM LINGKUNG,-0.589,100.284
1777,593,ENAM LINGKUNG,-0.63,100.267
1778,593,2 X 11 KAYU TANAM,-0.57,100.354
1779,593,VII KOTO SUNGAI SARIAK,-0.586,100.198
1780,593,PATAMUAN,-0.505,100.265
1781,593,PADANG SAGO,-0.535,100.209
1782,593,V KOTO KAMPUNG DALAM,-0.481,100.152
1783,593,V KOTO TIMUR,-0.488,100.188
1784,593,SUNGAI LIMAU,-0.507,100.077
1785,593,BATANG GASAN,-0.437,100.014
1786,593,SUNGAI GERINGGING,-0.437,100.106
1787,593,IV KOTO AUR MALINTANG,-0.369,100.08
1788,594,TANJUNG MUTIARA,-0.291,99.88
1789,594,LUBUK BASUNG,-0.293,100.009
1790,594,IV NAGARI,-0.2,100.001
1791,594,TANJUNG RAYA,-0.313,100.186
1792,594,MATUR,-0.278,100.28
1793,594,IV KOTO,-0.334,100.319
1794,594,MALALAK,-0.413,100.272
1795,594,BANUHAMPU,-0.349,100.374
1796,594,SUNGAI PUA,-0.373,100.405
1797,594,IV ANGKAT CANDUNG,-0.29,100.425
1798,594,CANDUANG,-0.337,100.453
1799,594,BASO,-0.271,100.489
1800,594,TILATANG KAMANG,-0.251,100.379
1801,594,KAMANG MAGEK,-0.197,100.41
1802,594,PALEMBAYAN,-0.159,100.167
1803,594,PALUPUH,-0.125,100.3
1804,595,PAYAKUMBUH,-0.171,100.591
1805,595,AKABILURU,-0.222,100.519
1806,595,LUAK,-0.269,100.679
1807,595,LAREH SAGO HALABAN,-0.294,100.762
1808,595,SITUJUAH LIMO NAGARI,-0.311,100.626
1809,595,HARAU,-0.12,100.696
1810,595,GUGUAK,-0.141,100.527
1811,595,MUNGKA,-0.058,100.581
1812,595,SULIKI,-0.11,100.446
1813,595,BUKIK BARISAN,0.029,100.457
1814,595,GUNUANG OMEH,-0.041,100.35
1815,595,KAPUR IX,0.239,100.446
1816,595,PANGKALAN KOTO BARU,0.1,100.702
1817,596,BONJOL,0.006,100.242
1818,596,TIGO NAGARI,0.006,100.07
1819,596,SIMPANG ALAHAN MATI,-0.008,100.162
1820,596,LUBUK SIKAPING,0.153,100.127
1821,596,DUA KOTO,0.374,99.903
1822,596,PANTI,0.353,100.093
1823,596,PADANG GELUGUR,0.428,100.051
1824,596,RAO,0.558,99.979
1825,596,MAPAT TUNGGUL,0.68,100.151
1826,596,MAPAT TUNGGUL SELATAN,0.321,100.237
1827,596,RAO SELATAN,0.523,100.062
1828,596,RAO UTARA,0.739,99.966
1829,597,SANGIR,-1.594,101.276
1830,597,SANGIR JUJUAN,-1.425,101.315
1831,597,SANGIR BALAI JANGGO,-1.444,101.502
1832,597,SANGIR BATANG HARI,-1.231,101.348
1833,597,SUNGAI PAGU,-1.47,101.081
1834,597,PAUH DUO,-1.564,101.11
1835,597,KOTO PARIK GADANG DIATEH,-1.313,101.059
1836,598,SUNGAI RUMBAI,-1.214,101.743
1837,598,KOTO BESAR,-1.228,101.577
1838,598,ASAM JUJUHAN,-1.501,101.592
1839,598,KOTO BARU,-1.121,101.688
1840,598,KOTO SALAK,-1.149,101.811
1841,598,TIUMANG,-1.056,101.742
1842,598,PADANG LAWEH,-1.027,101.785
1843,598,SITIUNG,-1.003,101.627
1844,598,TIMPEH,-0.89,101.605
1845,598,PULAU PUNJUNG,-1.02,101.495
1846,598,IX KOTO,-1.031,101.283
1847,599,SUNGAI BEREMAS,0.262,99.346
1848,599,RANAH BATAHAN,0.434,99.46
1849,599,KOTO BALINGKA,0.314,99.511
1850,599,SUNGAI AUR,0.248,99.627
1851,599,LEMBAH MALINTANG,0.357,99.587
1852,599,GUNUNG TULEH,0.318,99.752
1853,599,TALAMAU,0.212,99.943
1854,599,PASAMAN,0.12,99.81
1855,599,LUHAK NAN DUO,0.037,99.797
1856,599,SASAK RANAH PASISIE,0.06,99.653
1857,599,KINALI,-0.067,99.892
1858,600,BUNGUS TELUK KABUNG,-1.051,100.417
1859,600,LUBUK KILANGAN,-0.957,100.495
1860,600,LUBUK BEGALUNG,-0.98,100.403
1861,600,PADANG SELATAN,-0.977,100.362
1862,600,PADANG TIMUR,-0.945,100.379
1863,600,PADANG BARAT,-0.944,100.357
1864,600,PADANG UTARA,-0.913,100.358
1865,600,NANGGALO,-0.9,100.372
1866,600,KURANJI,-0.895,100.415
1867,600,PAUH,-0.878,100.491
1868,600,KOTO TANGAH,-0.809,100.405
1869,601,LUBUK SIKARAH,-0.795,100.611
1870,601,TANJUNG HARAPAN,-0.763,100.661
1871,602,SILUNGKANG,-0.733,100.787
1872,602,LEMBAH SEGAR,-0.695,100.761
1873,602,BARANGIN,-0.658,100.726
1874,602,TALAWI,-0.603,100.768
1875,603,PADANG PANJANG BARAT,-0.472,100.389
1876,603,PADANG PANJANG TIMUR,-0.471,100.418
1877,604,GUGUK PANJANG,-0.305,100.367
1878,604,MANDIANGIN KOTO SELAYAN,-0.291,100.367
1879,604,AUR BIRUGO TIGO BALEH,-0.316,100.388
1880,605,PAYAKUMBUH BARAT,-0.236,100.611
1881,605,PAYAKUMBUH SELATAN,-0.261,100.626
1882,605,PAYAKUMBUH TIMUR,-0.222,100.661
1883,605,PAYAKUMBUH UTARA,-0.205,100.641
1884,605,PAYAKUMBUH LAMPOSI TIGO N,-0.204,100.603
1885,606,PARIAMAN SELATAN,-0.64,100.158
1886,606,PARIAMAN TENGAH,-0.626,100.131
1887,606,PARIAMAN TIMUR,-0.604,100.146
1888,606,PARIAMAN UTARA,-0.576,100.118
1889,,DANAU,-0.612,100.541
1890,608,KUANTAN MUDIK,-0.78,101.642
1891,608,HULU KUANTAN,-0.582,101.352
1892,608,GUNUNG TOAR,-0.601,101.514
1893,608,SINGINGI,-0.437,101.276
1894,608,SINGINGI HILIR,-0.218,101.303
1895,608,KUANTAN TENGAH,-0.564,101.605
1896,608,BENAI,-0.42,101.588
1897,608,KUANTAN HILIR,-0.472,101.77
1898,608,PANGEAN,-0.462,101.689
1899,608,LOGAS TANAH DARAT,-0.254,101.588
1900,608,CERENTI,-0.499,101.864
1901,608,INUMAN,-0.488,101.801
1902,609,KERITANG,-0.697,102.842
1903,609,KEMUNING,-0.926,102.71
1904,609,RETEH,-0.715,103.26
1905,609,SUNGAI BATANG,-0.614,103.222
1906,609,ENOK,-0.507,103.128
1907,609,TANAH MERAH,-0.475,103.353
1908,609,KUALA INDRAGIRI,-0.335,103.476
1909,609,CONCONG,-0.284,103.593
1910,609,TEMBILAHAN,-0.34,103.181
1911,609,TEMBILAHAN HULU,-0.384,103.087
1912,609,TEMPULING,-0.411,102.9
1913,609,KEMPAS,-0.471,102.804
1914,609,BATANG TUAKA,-0.268,103.121
1915,609,GAUNG ANAK SERKA,-0.193,103.156
1916,609,GAUNG,-0.054,102.99
1917,609,MANDAH,0.079,103.328
1918,609,KATEMAN,0.233,103.655
1919,609,PELANGIRAN,0.204,103.351
1920,609,TELUK BELENGKONG,0.3,103.346
1921,609,PULAU BURUNG,0.416,103.393
1922,610,LANGGAM,0.082,101.693
1923,610,PANGKALAN KERINCI,0.363,101.849
1924,610,BANDAR SEI KIJANG,0.417,101.687
1925,610,PANGKALAN KURAS,0.027,101.88
1926,610,UKUI,-0.225,101.962
1927,610,PANGKALAN LESUNG,-0.025,102.122
1928,610,BUNUT,0.285,102.117
1929,610,PELALAWAN,0.459,102.146
1930,610,BANDAR PETALANGAN,0.126,102.19
1931,610,KUALA KAMPAR,0.569,103.147
1932,610,KERUMUTAN,,102.367
1933,610,TELUK MERANTI,0.383,102.669
1934,611,MINAS,0.792,101.466
1935,611,SUNGAI MANDAU,0.981,101.711
1936,611,KANDIS,1.001,101.166
1937,611,SIAK,0.88,101.931
1938,611,KERINCI KANAN,0.491,101.782
1939,611,TUALANG,0.653,101.631
1940,611,DAYUN,0.658,102.071
1941,611,LUBUK DALAM,0.592,101.788
1942,611,KOTO GASIB,0.734,101.797
1943,611,MEMPURA,0.79,102.057
1944,611,SUNGAI APIT,0.797,102.419
1945,611,BUNGA RAYA,0.983,102.05
1946,611,SABAK AUH,1.115,102.115
1947,611,PUSAKO,0.899,102.153
1948,612,KAMPAR KIRI,-0.008,101.117
1949,612,KAMPAR KIRI HULU,-0.185,100.943
1950,612,KAMPAR KIRI HILIR,0.125,101.468
1951,612,GUNUNG SAHILAN,0.028,101.31
1952,612,KAMPAR KIRI TENGAH,0.129,101.332
1953,612,XIII KOTO KAMPAR,0.269,100.753
1954,612,BANGKINANG BARAT,0.344,100.912
1955,612,SALO,0.302,101.006
1956,612,TAPUNG,0.581,101.091
1957,612,TAPUNG HULU,0.769,100.82
1958,612,TAPUNG HILIR,0.792,101.129
1959,612,BANGKINANG,0.265,101.073
1960,612,BANGKINANG SEBERANG,0.439,101.019
1961,612,KAMPAR,0.279,101.127
1962,612,KAMPAR TIMUR,0.352,101.197
1963,612,RUMBIO JAYA,0.421,101.148
1964,612,KAMPAR UTARA,0.409,101.084
1965,612,TAMBANG,0.373,101.308
1966,612,SIAK HULU,0.351,101.551
1967,612,PERHENTIAN RAJA,0.318,101.414
1968,613,ROKAN IV KOTO,0.583,100.345
1969,613,PENDALIAN IV KOTO,0.502,100.486
1970,613,TANDUN,0.587,100.608
1971,613,KABUN,0.465,100.746
1972,613,UJUNG BATU,0.692,100.526
1973,613,RAMBAH SAMO,0.818,100.434
1974,613,RAMBAH,0.826,100.26
1975,613,RAMBAH HILIR,0.974,100.361
1976,613,BANGUN PURBA,0.915,100.187
1977,613,TAMBUSAI,1.099,100.26
1978,613,TAMBUSAI UTARA,1.286,100.314
1979,613,KEPENUHAN,1.133,100.623
1980,613,KEPENUHAN HULU,0.99,100.515
1981,613,KUNTO DARUSSALAM,0.919,100.687
1982,613,PAGARAN TAPAH DARUSSALAM,0.77,100.604
1983,613,BONAI DARUSSALAM,1.163,100.836
1984,614,MANDAU,1.311,101.182
1985,614,PINGGIR,1.162,101.443
1986,614,BUKIT BATU,1.426,101.794
1987,614,SIAK KECIL,1.173,101.935
1988,614,RUPAT,1.857,101.586
1989,614,RUPAT UTARA,2.025,101.574
1990,614,BENGKALIS,1.45,102.247
1991,614,BANTAN,1.483,102.339
1992,615,TANAH PUTIH,1.518,101.033
1993,615,PUJUD,1.417,100.599
1994,615,TANAH PUTIH TANJUNG MELAW,1.705,101.127
1995,615,RANTAU KOPAR,1.406,101.03
1996,615,BAGAN SINEMBAH,1.744,100.543
1997,615,SIMPANG KANAN,1.875,100.382
1998,615,KUBU,2.036,100.567
1999,615,PASIR LIMAU KAPAS,2.203,100.383
2000,615,BANGKO,2.08,100.835
2001,615,SINABOI,2.215,100.96
2002,615,BATU HAMPAR,1.949,100.983
2003,615,RIMBA MELINTANG,1.811,101.013
2004,615,BANGKO PUSAKO,1.732,100.805
2005,616,TEBING TINGGI BARAT,0.89,102.555
2006,616,TEBING TINGGI,0.855,102.828
2007,616,RANGSANG,0.967,102.987
2008,616,RANGSANG BARAT,1.088,102.757
2009,616,MERBAU,1.145,102.376
2010,617,TAMPAN,0.466,101.389
2011,617,PAYUNG SEKAKI,0.525,101.396
2012,617,BUKIT RAYA,0.471,101.468
2013,617,MARPOYAN DAMAI,0.47,101.436
2014,617,TENAYAN RAYA,0.51,101.533
2015,617,LIMA PULUH,0.539,101.459
2016,617,SAIL,0.516,101.46
2017,617,PEKANBARU KOTA,0.523,101.448
2018,617,SUKAJADI,0.517,101.438
2019,617,SENAPELAN,0.536,101.437
2020,617,RUMBAI,0.615,101.397
2021,617,RUMBAI PESISIR,0.606,101.499
2022,618,BUKIT KAPUR,1.531,101.414
2023,618,MEDANG KAMPAI,1.593,101.603
2024,618,SUNGAI SEMBILAN,1.932,101.203
2025,618,DUMAI BARAT,1.653,101.392
2026,618,DUMAI TIMUR,1.644,101.454
2027,619,GUNUNG RAYA,-2.299,101.571
2028,619,BATANG MERANGIN,-2.13,101.675
2029,619,KELILING DANAU,-2.235,101.403
2030,619,DANAU KERINCI,-2.032,101.581
2031,619,SITINJAU LAUT,-2.058,101.488
2032,619,AIR HANGAT,-1.917,101.508
2033,619,AIR HANGAT TIMUR,-1.987,101.488
2034,619,DEPATI TUJUH,-2.019,101.353
2035,619,GUNUNG KERINCI,-1.899,101.255
2036,619,SIULAK,-1.884,101.401
2037,619,KAYU ARO,-1.778,101.245
2038,619,GUNUNG TUJUH,-1.728,101.369
2039,619,DANAU KERINCI,-2.148,101.492
2040,620,JANGKAT,-2.527,101.743
2041,620,SUNGAI TENANG,-2.578,102.011
2042,620,MUARA SIAU,-2.284,102.004
2043,620,LEMBAH MASURAI,-2.396,101.916
2044,620,TIANG PUMPUNG,-2.306,102.243
2045,620,PAMENANG,-2.128,102.521
2046,620,PAMENANG BARAT,-2.074,102.404
2047,620,RENAH PAMENANG,-2.188,102.385
2048,620,PAMENANG SELATAN,-2.277,102.369
2049,620,BANGKO,-2.092,102.306
2050,620,BANGKO BARAT,-2.181,102.241
2051,620,NALO TANTAN,-2.019,102.177
2052,620,BATANG MASUMAI,-2.077,102.182
2053,620,SUNGAI MANAU,-2.078,101.943
2054,620,RENAH PEMBARAP,-2.119,102.07
2055,620,PANGKALAN JAMBU,-2.13,101.842
2056,620,TABIR,-1.812,102.265
2057,620,TABIR ULU,-1.929,102.177
2058,620,TABIR SELATAN,-1.943,102.423
2059,620,TABIR ILIR,-1.746,102.398
2060,620,TABIR TIMUR,-1.706,102.483
2061,620,TABIR LINTAS,-1.931,102.293
2062,620,MARGO TABIR,-1.879,102.375
2063,620,TABIR BARAT,-1.926,101.872
2064,621,BATANGASAI,-2.538,102.24
2065,621,LIMUN,-2.569,102.516
2066,621,CERMIN NAN GEDAN,-2.396,102.502
2067,621,PELAWAN,-2.405,102.752
2068,621,SINGKUT,-2.531,102.702
2069,621,SAROLANGUN,-2.273,102.714
2070,621,BATIN VIII,-2.257,102.537
2071,621,PAUH,-2.213,102.874
2072,621,AIR HITAM,-2.01,102.649
2073,621,MANDIANGIN,-2.11,103.052
2074,622,MERSAM,-1.553,102.957
2075,622,MARO SEBO ULU,-1.746,102.763
2076,622,BATIN XXIV,-1.873,102.945
2077,622,MUARA TEMBESI,-1.705,103.103
2078,622,MUARA BULIAN,-1.728,103.238
2079,622,BAJUBANG,-2.02,103.325
2080,622,MARO SEBO ILIR,-1.583,103.177
2081,622,PEMAYUNG,-1.495,103.279
2082,623,MESTONG,-1.806,103.527
2083,623,SUNGAI BAHAR,-2.002,103.439
2084,623,KUMPEH ULU,-1.594,103.797
2085,623,SUNGAI GELAM,-1.732,103.784
2086,623,KUMPEH,-1.539,104.054
2087,623,MARO SEBO,-1.443,103.653
2088,623,JAMBI LUAR KOTA,-1.645,103.485
2089,623,SEKERNAN,-1.38,103.414
2090,624,MENDAHARA,-1.018,103.61
2091,624,MENDAHARA ULU,-1.207,103.517
2092,624,GERAGAI,-1.236,103.689
2093,624,DENDANG,-1.246,103.935
2094,624,SABAK BARAT,-1.216,103.81
2095,624,SABAK TIMUR,-1.071,103.944
2096,624,KUALA JAMBI,-1.049,103.787
2097,624,RANTAU RASAU,-1.162,104.092
2098,624,BERBAK,-1.224,104.152
2099,624,NIPAH PANJANG,-1.084,104.191
2100,624,SADU,-1.349,104.39
2101,624,HUTAN,-1.382,104.261
2102,625,TUNGKAL ULU,-1.15,103.108
2103,625,MERLUNG,-1.323,103.024
2104,625,BATANG ASAM,-1.079,102.875
2105,625,TEBING TINGGI,-1.026,103.116
2106,625,RENAH MENDALUH,-1.29,102.857
2107,625,MUARA PAPALIK,-1.297,103.163
2108,625,PENGABUAN,-0.887,103.226
2109,625,SENYERANG,-0.844,103.069
2110,625,TUNGKAL ILIR,-0.838,103.492
2111,625,BRAM ITAM,-0.974,103.313
2112,625,SEBERANG KOTA,-0.795,103.388
2113,625,BETARA,-1.088,103.374
2114,625,KUALA BETARA,-0.925,103.507
2115,626,TEBO ILIR,-1.551,102.731
2116,626,MUARA TABIR,-1.728,102.579
2117,626,TEBO TENGAH,-1.425,102.516
2118,626,SUMAY,-1.177,102.439
2119,626,TENGAH ILIR,-1.398,102.688
2120,626,RIMBO BUJANG,-1.33,102.141
2121,626,RIMBO ULU,-1.287,102.002
2122,626,RIMBO ILIR,-1.405,102.261
2123,626,TEBO ULU,-1.279,102.266
2124,626,VII KOTO,-1.051,101.975
2125,626,SERAI SERUMPUN,-1.18,102.286
2126,626,VII KOTO ILIR,-1.035,102.137
2127,627,PELEPAT,-1.755,102.033
2128,627,PELEPAT ILIR,-1.623,102.344
2129,627,BATHIN II BABEKO,-1.512,102.234
2130,627,RIMBO TENGAH,-1.548,102.133
2131,627,BUNGO DANI,-1.495,102.078
2132,627,PASAR MUARA BUNG,-1.491,102.131
2133,627,BATIN III,-1.441,102.089
2134,627,RANTAU PANDAN,-1.648,101.938
2135,627,MUKO-MUKO BATHIN,-1.541,102.003
2136,627,BATHIN III ULU,-1.716,101.821
2137,627,TANAH SEPENGGAL,-1.447,101.958
2138,627,TANAH SEPENGGAL,-1.391,101.953
2139,627,TANAH TUMBUH,-1.482,101.88
2140,627,LIMBUR LUBUK MEN,-1.66,101.644
2141,627,BATHIN II PELAYA,-1.43,101.801
2142,627,JUJUHAN,-1.31,101.772
2143,627,JUJUHAN ILIR,-1.207,101.898
2144,628,KOTA BARU,-1.65,103.577
2145,628,JAMBI SELATAN,-1.63,103.646
2146,628,JELUTUNG,-1.617,103.613
2147,628,PASAR JAMBI,-1.594,103.614
2148,628,TELANAI PURA,-1.596,103.572
2149,628,DANAU TELUK,-1.57,103.593
2150,628,PELAYANGAN,-1.564,103.624
2151,628,JAMBI TIMUR,-1.586,103.638
2152,629,TANAH KAMPUNG,-2.078,101.438
2153,629,KUMUN DEBAI,-2.164,101.336
2154,629,SUNGAI PENUH,-2.085,101.33
2155,629,HAMPARAN RAWANG,-2.045,101.418
2156,629,PESISIR BUKIT,-2.041,101.368
2157,630,LENGKITI,-4.324,104.018
2158,630,SOSOH BUAY RAYAP,-4.208,104.11
2159,630,PENGANDONAN,-4.104,103.911
2160,630,SEMIDANG AJI,-4.029,103.986
2161,630,ULU OGAN,-4.191,103.712
2162,630,MUARA JAYA,-4.149,103.857
2163,630,PENINJAUAN,-3.857,104.362
2164,630,LUBUK BATANG,-3.962,104.167
2165,630,SINAR PENINJAUAN,-3.937,104.425
2166,630,BATU RAJA TIMUR,-4.152,104.216
2167,630,LUBUK RAJA,-4.126,104.291
2168,630,BATU RAJA BARAT,-4.109,104.12
2169,631,LEMPUING,-3.904,104.943
2170,631,LEMPUING JAYA,-3.692,104.915
2171,631,MESUJI,-3.914,105.132
2172,631,SUNGAI MENANG,-3.845,105.627
2173,631,MESUJI MAKMUR,-4.128,104.897
2174,631,MESUJI RAYA,-3.748,105.097
2175,631,TULUNG SELAPAN,-3.112,105.654
2176,631,CENGAL,-3.519,105.611
2177,631,PEDAMARAN,-3.467,104.966
2178,631,PEDAMARAN TIMUR,-3.546,105.156
2179,631,TANJUNG LUBUK,-3.573,104.71
2180,631,TELUK GELAM,-3.59,104.788
2181,631,KOTA KAYU AGUNG,-3.382,104.861
2182,631,SIRAH PULAU PADANG,-3.291,104.877
2183,631,JEJAWI,-3.174,104.856
2184,631,PAMPANGAN,-3.274,105.018
2185,631,PANGKALAN LAPAM,-3.119,105.153
2186,631,AIR SUGIHAN,-2.725,105.38
2187,632,SEMENDO DARAT LAUT,-4.098,103.641
2188,632,SEMENDO DARAT ULU,-4.273,103.511
2189,632,SEMENDO DARAT TENGAH,-4.182,103.474
2190,632,TANJUNG AGUNG,-3.934,103.786
2191,632,RAMBANG,-3.61,104.157
2192,632,LUBAI,-3.74,104.21
2193,632,LAWANG KIDUL,-3.775,103.832
2194,632,MUARA ENIM,-3.665,103.806
2195,632,UJAN MAS,-3.53,103.703
2196,632,GUNUNG MEGANG,-3.519,103.899
2197,632,BENAKAT,-3.404,103.735
2198,632,RAMBANG DANGKU,-3.585,104.028
2199,632,TALANG UBI,-3.283,103.855
2200,632,PENUKAL,-3.157,104.051
2201,632,TANAH ABANG,-3.311,104.138
2202,632,PENUKAL UTARA,-3.092,103.953
2203,632,ABAB,-3.171,104.165
2204,632,GELUMBANG,-3.22,104.413
2205,632,LEMBAK,-3.405,104.351
2206,632,SUNGAI ROTAN,-3.152,104.291
2207,632,MUARA BELIDA,-3.069,104.512
2208,632,KELEKAR,-3.342,104.478
2209,633,TANJUNG SAKTI PUMI,-4.155,103.114
2210,633,TANJUNG SAKTI PUMU,-4.082,103.012
2211,633,KOTA AGUNG,-4.125,103.408
2212,633,MULAK ULU,-4.033,103.528
2213,633,TANJUNG TEBAT,-3.986,103.454
2214,633,PULAU PINANG,-3.858,103.56
2215,633,PAGAR GUNUNG,-3.938,103.575
2216,633,GUMAY ULU,-3.928,103.404
2217,633,JARAI,-3.937,103.178
2218,633,PAJAR BULAN,-3.962,103.286
2219,633,MUARA PAYANG,-3.895,103.136
2220,633,KIKIM BARAT,-3.572,103.208
2221,633,KIKIM TIMUR,-3.629,103.383
2222,633,KIKIM SELATAN,-3.759,103.202
2223,633,KIKIM TENGAH,-3.652,103.252
2224,633,LAHAT,-3.728,103.544
2225,633,GUMAY TALANG,-3.781,103.459
2226,633,PSEKSU,-3.821,103.32
2227,633,MERAPI BARAT,-3.756,103.648
2228,633,MERAPI TIMUR,-3.631,103.663
2229,633,MERAPI SELATAN,-3.867,103.66
2230,634,RAWAS ULU,-2.627,102.752
2231,634,ULU RAWAS,-2.816,102.328
2232,634,RUPIT,-2.745,102.827
2233,634,KARANG JAYA,-2.921,102.625
2234,634,SUKU TENGAH LAKITAN ULU,-3.077,102.736
2235,634,SELANGIT,-3.215,102.674
2236,634,SUMBER HARTA,-3.031,102.95
2237,634,TUGU MULYO,-3.173,102.962
2238,634,PURWODADI,-3.105,102.988
2239,634,MUARA BELITI,-3.257,103.014
2240,634,TIANG PUMPUNG KEPUNGUT,-3.364,103.083
2241,634,JAYA LOKA,-3.347,103.196
2242,634,SUKA KARYA,-3.232,103.188
2243,634,MUARA KELINGI,-3.048,103.245
2244,634,BULAN TENGAH SUKU ULU,-3.349,103.313
2245,634,TUAH NEGERI,-3.154,103.101
2246,634,MUARA LAKITAN,-3.145,103.419
2247,634,MEGANG SAKTI,-2.968,103.021
2248,634,RAWAS ILIR,-2.619,103.175
2249,634,KARANG DAPO,-2.751,102.991
2250,634,NIBUNG,-2.454,102.947
2251,635,SANGA DESA,-2.712,103.418
2252,635,BABAT TOMAN,-2.768,103.647
2253,635,BATANGHARI LEKO,-2.453,103.443
2254,635,PLAKAT TINGGI,-2.924,103.549
2255,635,SUNGAI KERUH,-3.099,103.694
2256,635,SEKAYU,-2.87,103.855
2257,635,LAIS,-2.917,104.048
2258,635,SUNGAI LILIN,-2.645,104.083
2259,635,KELUANG,-2.584,103.924
2260,635,BAYUNG LENCIR,-2.113,103.902
2261,635,LALAN,-2.351,104.363
2262,636,RANTAU BAYUR,-3.01,104.383
2263,636,BETUNG,-2.796,104.281
2264,636,PULAU RIMAU,-2.557,104.464
2265,636,TUNGKAL ILIR,-2.54,104.221
2266,636,BANYUASIN III,-2.889,104.442
2267,636,TALANG KELAPA,-2.816,104.693
2268,636,TANJUNG LAGO,-2.639,104.632
2269,636,BANYUASIN I,-2.866,104.955
2270,636,RAMBUTAN,-3.051,104.932
2271,636,MUARA PADANG,-2.647,105.118
2272,636,MUARA SUGIHAN,-2.45,105.246
2273,636,MAKARTI JAYA,-2.541,104.959
2274,636,AIR SALEK,-2.605,105.022
2275,636,BANYUASIN II,-2.063,104.575
2276,636,MUARA TELANG,-2.581,104.822
2277,637,MEKAKAU ILIR,-4.66,103.775
2278,637,BANDING AGUNG,-4.767,103.913
2279,637,WARKUK RANAU SELATAN,-4.858,104.114
2280,637,BUAY PEMATANG RIBU RANAU,-4.78,104.054
2281,637,BUAY PEMACA,-4.722,104.229
2282,637,SIMPANG,-4.453,104.175
2283,637,BUANA PEMACA,-4.556,104.22
2284,637,MUARADUA,-4.537,104.051
2285,637,BUAY RAWAN,-4.642,104.047
2286,637,BUAY SANDANG AJI,-4.542,103.876
2287,637,TIGA DIHAJI,-4.623,103.924
2288,637,BUAY RUNJUNG,-4.487,103.9
2289,637,RUNJUNG AGUNG,-4.424,103.887
2290,637,KISAM TINGGI,-4.315,103.768
2291,637,MUARADUA KISAM,-4.39,103.704
2292,637,KISAM ILIR,-4.477,103.779
2293,637,PULAU BERINGIN,-4.502,103.665
2294,637,SINDANG DANAU,-4.45,103.545
2295,637,SUNGAI ARE,-4.476,103.466
2296,638,MARTAPURA,-4.303,104.33
2297,638,BUNGA MAYANG,-4.379,104.241
2298,638,JAYA PURA,-4.466,104.293
2299,638,BUAY PEMUKA PELIUNG,-4.244,104.392
2300,638,BUAY MADANG,-4.246,104.498
2301,638,BUAY MADANG TIMUR,-4.172,104.566
2302,638,BUAY PEMUKA BANGSA RAJA,-4.161,104.469
2303,638,MADANG SUKU II,-4.071,104.5
2304,638,MADANG SUKU III,-4.095,104.382
2305,638,MADANG SUKU I,-3.966,104.546
2306,638,BELITANG MADANG RAYA,-4.058,104.612
2307,638,BELITANG,-4.153,104.639
2308,638,BELITANG JAYA,-4.21,104.687
2309,638,BELITANG III,-4.132,104.735
2310,638,BELITANG II,-4.025,104.828
2311,638,BELITANG MULYA,-4.038,104.732
2312,638,SEMENDAWAI SUKU III,-3.967,104.699
2313,638,SEMENDAWAI TIMUR,-3.891,104.831
2314,638,CEMPAKA,-3.752,104.713
2315,638,SEMENDAWAI BARAT,-3.859,104.659
2316,639,MUARA KUANG,-3.668,104.577
2317,639,RAMBANG KUANG,-3.614,104.444
2318,639,LUBUK KELIAT,-3.488,104.623
2319,639,TANJUNG BATU,-3.341,104.622
2320,639,PAYARAMAN,-3.435,104.524
2321,639,RANTAU ALAI,-3.442,104.733
2322,639,KANDIS,-3.427,104.793
2323,639,TANJUNG RAJA,-3.344,104.744
2324,639,RANTAU PANJANG,-3.286,104.768
2325,639,SUNGAI PINANG,-3.358,104.795
2326,639,PEMULUTAN,-3.109,104.765
2327,639,PEMULUTAN SELATAN,-3.224,104.782
2328,639,PEMULUTAN BARAT,-3.176,104.729
2329,639,INDRALAYA,-3.248,104.686
2330,639,INDRALAYA UTARA,-3.154,104.602
2331,639,INDRALAYA SELATAN,-3.302,104.687
2332,640,MUARA PINANG,-3.86,103.09
2333,640,LINTANG KANAN,-3.939,103.019
2334,640,PENDOPO,-3.818,102.957
2335,640,PASMA AIR KERUH,-3.87,102.767
2336,640,ULU MUSI,-3.751,102.821
2337,640,TALANG PADANG,-3.683,102.933
2338,640,TEBING TINGGI,-3.603,103.056
2339,641,ILIR BARAT II,-2.998,104.745
2340,641,GANDUS,-3.004,104.671
2341,641,SEBERANG ULU I,-3.013,104.773
2342,641,KERTAPATI,-3.042,104.719
2343,641,SEBERANG ULU II,-2.997,104.79
2344,641,PLAJU,-3.01,104.812
2345,641,ILIR BARAT I,-2.967,104.685
2346,641,BUKIT KECIL,-2.988,104.753
2347,641,ILIR TIMUR I,-2.973,104.75
2348,641,KEMUNING,-2.954,104.75
2349,641,ILIR TIMUR II,-2.965,104.778
2350,641,KALIDONI,-2.964,104.821
2351,641,SAKO,-2.922,104.782
2352,641,SEMATANG BORANG,-2.943,104.824
2353,641,SUKARAMI,-2.903,104.713
2354,641,ALANG ALANG LEBAR,-2.942,104.699
2355,642,RAMBANG KAPAK TENGAH,-3.519,104.227
2356,642,PRABUMULIH TIMUR,-3.426,104.28
2357,642,PRABUMULIH SELATAN,-3.489,104.241
2358,642,PRABUMULIH BARAT,-3.419,104.174
2359,642,PRABUMULIH UTARA,-3.417,104.217
2360,642,CAMBAI,-3.381,104.269
2361,643,DEMPO SELATAN,-4.124,103.33
2362,643,DEMPO TENGAH,-4.145,103.249
2363,643,DEMPO UTARA,-4.089,103.2
2364,643,PAGAR ALAM SELATAN,-4.036,103.194
2365,643,PAGAR ALAM UTARA,-4.01,103.212
2366,644,LUBUK LINGGAU BARAT I,-3.308,102.831
2367,644,LUBUK LINGGAU BARAT II,-3.285,102.845
2368,644,LUBUK LINGGAU SELATAN I,-3.325,102.932
2369,644,LUBUK LINGGAU SELATAN II,-3.245,102.925
2370,644,LUBUK LINGGAU TIMUR I,-3.288,102.9
2371,644,LUBUK LINGGAU TIMUR II,-3.309,102.881
2372,644,LUBUK LINGGAU UTARA I,-3.205,102.854
2373,644,LUBUK LINGGAU UTARA II,-3.258,102.877
2374,645,MANNA,-4.463,102.948
2375,645,KOTA MANNA,-4.436,102.911
2376,645,KEDURANG,-4.372,103.158
2377,645,BUNGA MAS,-4.493,102.992
2378,645,PASAR MANNA,-4.468,102.916
2379,645,KEDURANG ILIR,-4.513,103.057
2380,645,SEGINIM,-4.442,103.017
2381,645,AIR NIPIS,-4.332,103.102
2382,645,PINO,-4.39,102.97
2383,645,PINORAYA,-4.294,102.907
2384,645,ULU MANNA,-4.278,103.01
2385,646,KOTA PADANG,-3.475,102.949
2386,646,SINDANG BELITI ILIR,-3.46,102.887
2387,646,PADANG ULAK TANDING,-3.361,102.752
2388,646,SINDANG KELINGI,-3.465,102.677
2389,646,BINDU RIANG,-3.439,102.753
2390,646,SINDANG BELITI ULU