id,parent_id,nama,nama_alias,emails,alamat,website,telp,fax
830,11,Asisten Kesejahteraan Masyarakat,,,,,,
832,11,Asisten Pembangunan dan Lingkungan Hidup,,,,,,
831,11,Asisten Pemerintahan,,,,,,
829,11,Asisten Perekonomian dan Administrasi,,,,,,
789,11,Badan Kepegawaian Daerah,,,,,,
814,11,Badan Kesatuan Bangsa dan Politik,,,,,,
10286,11,Badan Layanan Pengadaan Barang Jasa Provinsi DKI Jakarta,BLPBJ DKI Jakarta,,,,,
845,11,Badan Layanan Umum Transjakarta,BLU Transjakarta,,,,,
10285,11,Badan Pelayanan Terpadu Satu Pintu Provinsi DKI Jakarta,BPTSP DKI Jakarta,,,,,
818,11,"Badan Pemberdayaan Masyarakat dan Perempuan, dan Keluarga Berencana",,,,,,
816,11,Badan Penanaman Modal dan Promosi,,,,,,
864,11,Badan Penanggulangan Bencana Daerah,BPBD DKI Jakarta,,"Jl.Medan Merdeka Selatan No.8-9, Blok F Lt.3, Jakarta 10.",http://bpbd.jakarta.go.id/,62213822078,
815,11,Badan Pendidikan dan Pelatihan,,,,,,
813,11,Badan Pengelola Keuangan Daerah,,,,,,
817,11,Badan Pengelola Lingkungan Hidup Daerah,,,,,,
820,11,Badan Perencanaan Pembangunan Daerah,,,,,,
819,11,Badan Perpustakaan dan Arsip Daerah,,,,,,
805,11,Biro Hukum,,,,,,
807,11,Biro Kepala Daerah dan Kerjasama Luar Negeri,,,,,,
811,11,Biro Kesejahteraan Sosial,,,,,,
806,11,Biro Organisasi dan Tatalaksana,,,,,,
812,11,Biro Pendidikan dan Mental Spiritual,,,,,,
808,11,Biro Perekonomian,,,,,,
833,11,Biro Prasarana dan Sarana Kota,,,,,,
804,11,Biro Tata Pemerintahan,,,,,,
810,11,Biro Tata Ruang dan Lingkungan Hidup,,,,,,
809,11,Biro Umum,,,,,,
10288,11,Dinas Bina Marga Provinsi DKI Jakarta,Bina Marga DKI Jakarta,,,,,
800,11,Dinas Kebersihan,,,,,,
794,11,"Dinas Kelautan, Pertanian dan Pangan",,,,,,
787,11,Dinas Kependudukan dan Pencatatan Sipil,,,,,,
786,11,Dinas Kesehatan,,,,,,
791,11,"Dinas Komunikasi, Informatika, dan Kehumasan",,,,,,
792,11,"Dinas Koperasi, Usaha Mikro, Kecil dan Menengah, dan Perdagangan",,,,,,
802,11,Dinas Olahraga dan Pemuda,,,,,,
795,11,Dinas Pariwisata dan Kebudayaan,,,,,,
782,11,Dinas Pekerjaan Umum,,,,,,
803,11,Dinas Pelayanan Pajak,,,,,,
790,11,Dinas Pemadam Kebakaran dan Penanggulangan Bencana,,,,,,
10289,11,Dinas Penataan Kota Provinsi DKI Jakarta,Penataan Kota DKI Jakarta,,,,,
784,11,Dinas Pendidikan,,,,,,
798,11,Dinas Pengawasan dan Penertiban Bangunan,,,,,,
783,11,Dinas Perhubungan,,,,,,
793,11,Dinas Perindustrian dan Energi,,,,,,
799,11,Dinas Pertamanan dan Pemakaman,,,,,,
796,11,Dinas Perumahan dan Gedung Pemerintah Daerah,,,,,,
801,11,Dinas Sosial,,,,,,
10287,11,Dinas Tata Air Provinsi DKI Jakarta,Tata Air DKI Jakarta,,,,,
797,11,Dinas Tata Ruang,,,,,,
785,11,Dinas Tenaga Kerja dan Transmigrasi,,,,,,
821,11,Inspektorat,,,,,,
827,11,Kantor Bupati Kepulauan Seribu,,,,,,
824,11,Kantor Walikota Jakarta Barat,,,,,,
822,11,Kantor Walikota Jakarta Pusat,,,,,,
823,11,Kantor Walikota Jakarta Selatan,,,,,,
825,11,Kantor Walikota Jakarta Timur,,,,,,
826,11,Kantor Walikota Jakarta Utara,,,,,,
863,11,PAM JAYA,,,"Jl. Penjernihan 2, Pejompongan, Jakarta 10210",www.pamjaya.co.id,62215704250,
834,11,PD Pasar Jaya,,,,,,
788,11,Satuan Polisi Pamong Praja,,,,,,
828,11,Sekretaris Daerah,,,,,,
992,44,AirAsia,AirAsia,,,,,
1067,44,Badan Penelitian dan Pengembangan Kementerian Perhubungan,Balitbang Kemenhub,,,,,
1133,44,Badan Pengembangan Sumber Daya Manusia Perhubungan,BPSDM Perhubungan,,,,,
991,44,Batik Air,Batik Air,,,,,
985,44,Citilink Indonesia,Citilink Indonesia,,,,,
1068,44,Direktorat Jenderal Perhubungan Darat,HUBDAT,,,,,
1066,44,Direktorat Jenderal Perhubungan Laut,HUBLA,,,,,
1135,44,Direktorat Jenderal Perhubungan Udara,HUBUD,,,,,
1134,44,Direktorat Jenderal Perkeretaapian,Ditjen KA,,,,,
984,44,Garuda Indonesia,Garuda Indonesia,,,,,
1069,44,Inspektorat Jenderal Kementerian Perhubungan,Itjen Kemenhub,,,,,
989,44,Lion Air,Lion Air,,,,,
988,44,Mandala Airlines,Mandala Airlines,,,,,
986,44,Merpati Airlines,Merpati Airlines,,,,,
983,44,PT Angkasa Pura II,,webmaster@angkasapura2.co.id,Gd. 600 Bandar Udara Internasional Soekarno-Hatta PO BOX 1001 JKT 19120,http://www.angkasapura2.co.id/,"(62-21) 550 5079, 550 5074",(62-21) 550 2141
987,44,Sriwijaya Air,Sriwijaya Air,,,,,
990,44,Wings Air,Wings Air,,,,,
866,45,Badan Intelijen dan Keamanan,Baintelkam Polri,info@polri.go.id,"Rotekinfo Div. TI Polri, Jalan Trunojoyo No.3 Jakarta Selatan",http://www.polri.go.id,021-721814,
867,45,Badan Pemeliharaan Keamanan,Baharkam Polri,info@polri.go.id,"Rotekinfo Div. TI Polri, Jalan Trunojoyo No.3 Jakarta Selatan",http://www.polri.go.id,021-721814,
865,45,Badan Reserse Kriminal,Bareskrim Polri,,Jalan Jl Trunojoyo No.3 Jakarta Selatan,http://www.polri.go.id,021-721814,
956,45,Kepolisian Daerah Aceh,Polda Aceh,,,,,
975,45,Kepolisian Daerah Bali,Polda Bali,,,,,
955,45,Kepolisian Daerah Banten,Polda Banten,,,,,
964,45,Kepolisian Daerah Bengkulu,Polda Bengkulu,,,,,
970,45,Kepolisian Daerah Gorontalo,Polda Gorontalo,,,,,
954,45,Kepolisian Daerah Istimewa Yogyakarta,Polda DIY,,,,,
959,45,Kepolisian Daerah Jambi,Polda Jambi,,,,,
951,45,Kepolisian Daerah Jawa Barat,Polda Jawa Barat,,,,,
952,45,Kepolisian Daerah Jawa Tengah,Polda Jawa Tengah,,,,,
953,45,Kepolisian Daerah Jawa Timur,Polda Jawa Timur,,,,,
966,45,Kepolisian Daerah Kalimantan Barat,Polda Kalimantan Barat,,,,,
969,45,Kepolisian Daerah Kalimantan Selatan,Polda Kalimantan Selatan,,,,,
968,45,Kepolisian Daerah Kalimantan Tengah,Polda Kalimantan Tengah,,,,,
967,45,Kepolisian Daerah Kalimantan Timur,Polda Kalimantan Timur,,,,,
962,45,Kepolisian Daerah Kepulauan Bangka Belitung,Polda Bangka Belitung,,,,,
961,45,Kepolisian Daerah Kepulauan Riau,Polda Kepulauan Riau,,,,,
965,45,Kepolisian Daerah Lampung,Polda Lampung,,,,,
978,45,Kepolisian Daerah Maluku,Polda Maluku,,,,,
979,45,Kepolisian Daerah Maluku Utara,Polda Maluku Utara,,,,,
227,45,Kepolisian Daerah Metro Jakarta Raya dan Sekitarnya,Polda Metro Jaya,bidhumas@metro.polri.go.id; humas.pmj@gmail.com,Jl.Jenderal Sudirman Kav. 55 Jakarta Selatan 12190,http://www.metro.polri.go.id/,"(021) 5234173, 5234001, 5234021, 5234217, 5234207, 5234111",Fax 021-5709250
976,45,Kepolisian Daerah Nusa Tenggara Barat,Polda NTB,,,,,
977,45,Kepolisian Daerah Nusa Tenggara Timur,Polda NTT,,,,,
980,45,Kepolisian Daerah Papua,Polda Papua,,,,,
960,45,Kepolisian Daerah Riau,Polda Riau,,,,,
974,45,Kepolisian Daerah Sulawesi Selatan,Polda Sulawesi Selatan,,,,,
972,45,Kepolisian Daerah Sulawesi Tengah,Polda Sulawesi Tengah,,,,,
973,45,Kepolisian Daerah Sulawesi Tenggara,Polda Sulawesi Tenggara,,,,,
971,45,Kepolisian Daerah Sulawesi Utara,Polda Sulawesi Utara,,,,,
958,45,Kepolisian Daerah Sumatera Barat,Polda Sumatera Barat,,,,,
963,45,Kepolisian Daerah Sumatera Selatan,Polda Sumatera Selatan,,,,,
957,45,Kepolisian Daerah Sumatera Utara,Polda Sumatera Utara,,,,,
868,45,Korps Lalu Lintas,Korlantas Polri,info@polri.go.id,"Rotekinfo Div. TI Polri, Jalan Trunojoyo No.3 Jakarta Selatan",http://www.polri.go.id,021-721814,
282,54,Perum Bulog,BULOG,redaksiweb@bulog.co.id,Jalan Jend. Gatot Subroto Kav 49 Jakarta Selatan,http://www.bulog.co.id/,021-5252209 ext. 2428 / 1515,021-5256482
1217,54,Perum Jamkrindo,,,,,,
1240,54,Perum Jasa Tirta I,,,,,,
1244,54,Perum LKBN Antara,,,,,,
1239,54,PT Adhi Karya (Persero) Tbk,,,,,,
1223,54,PT Askes (Persero),,,,,,
1229,54,PT Asuransi Ekspor Indonesia,,,,,,
1226,54,PT Asuransi Jiwasraya,,,,,,
1246,54,PT Asuransi Kredit Indonesia (Persero),,,,,,
1230,54,PT Bank Rakyat Indonesia (Persero) Tbk,,,,,,
1235,54,PT Bio Farma,,,,,,
1252,54,PT Brantas Abipraya (Persero),,,,,,
1215,54,PT Dahana (Persero),,,,,,
1242,54,PT Inhutani IV (Persero),,,,,,
1248,54,PT Jakarta Industrial Estate Pulogadung,,,,,,
1131,54,PT Jasa Marga (Persero) Tbk,Jasa Marga,,,http://www.jasamarga.com/,,
1234,54,PT Kawasan Industri Makassar (Persero),,,,,,
1225,54,PT Kawasan Industri Medan,,,,,,
1228,54,PT Kimia Farma (Persero) Tbk.,,,,,,
1227,54,PT Krakatau Steel (Persero) Tbk.,,,,,,
1216,54,PT PAL Indonesia (Persero),,,,,,
1222,54,PT Pelabuhan Indonesia I (Persero),,,,,,
1232,54,PT Pelayanan Nasional Indonesia (Persero),,,,,,
1233,54,PT Pembangunan Perumahan (Persero) Tbk,,,,,,
1249,54,PT Pengembangan Pariwisata Bali (Persero),,,,,,
1238,54,PT Perkebunan Nusantara III (Persero),,,,,,
1218,54,PT Perkebunan Nusantara V (Persero),,,,,,
1250,54,PT Perkebunan Nusantara VI (Persero),,,,,,
1221,54,PT Perkebunan Nusantara VII (Persero),,,,,,
1247,54,PT Perkebunan Nusantara XI (Persero),,,,,,
1224,54,PT Perkebunan Nusantara XIV (Persero),,,,,,
1237,54,PT Permodalan Nasional Madani (Persero),,,,,,
1214,54,PT Pertani (Persero),,,,,,
1220,54,PT Perusahaan Perdagangan Indonesia,,,,,,
981,54,PT PLN (Persero),PLN,,,http://www.pln.co.id/eng/,,
859,54,PT Pos Indonesia,,,,,,
1245,54,PT Pupuk Indonesia (Persero),,,,,,
1251,54,PT Sang Hyang Seri (Persero),,,,,,
1241,54,PT Semen Indonesia (Persero),,,,,,
1219,54,PT Sucofindo (Persero),,,,,,
1132,54,PT Telkom Indonesia,Telkom,,,http://www.telkom.co.id/,,
1213,54,PT Timah,,,,,,
10299,69,Unit Sementara,,,,,,
1057,248,Badan Pembinaan Hukum Nasional,BPHN,,,,,
1058,248,Badan Penelitian dan Pengembangan Hak Asasi Manusia,Balitbang HAM,,,,,
1059,248,Badan Pengembangan Sumber Daya Manusia Hukum dan HAM,BPSDM,,,,,
1064,248,Direktorat Jenderal Administrasi Hukum Umum,Ditjen AHU,,,,,
1056,248,Direktorat Jenderal Hak Asasi Manusia,Ditjen HAM,,,,,
1062,248,Direktorat Jenderal Hak Kekayaan Intelektual,Ditjen HKI,,,,,
1055,248,Direktorat Jenderal Imigrasi,Ditjen Imigrasi,,,,,
1063,248,Direktorat Jenderal Pemasyarakatan,Ditjen PAS,,,,,
1060,248,Direktorat Jenderal Peraturan Perundang-undangan,Ditjen PP,,,,,
1061,248,Inspektorat Jenderal Kementerian Hukum dan HAM,Itjen Kemenkumham,,,,,
10001,248,Kanwil Kementerian Hukum dan HAM Aceh,Kanwil Kumham Aceh,,,,,
9974,248,Kanwil Kementerian Hukum dan HAM Bali,Kanwil Kumham Bali,,,,,
9992,248,Kanwil Kementerian Hukum dan HAM Bangka Belitung,Kanwil Kumham Babel,,,,,
9990,248,Kanwil Kementerian Hukum dan HAM Banten,Kanwil Kumham Banten,,,,,
9993,248,Kanwil Kementerian Hukum dan HAM Bengkulu,Kanwil Kumham Bengkulu,,,,,
9988,248,Kanwil Kementerian Hukum dan HAM DIY,Kanwil Kumham DIY,,,,,
9991,248,Kanwil Kementerian Hukum dan HAM DKI Jakarta,Kanwil Kumham DKI Jakarta,,,,,
9975,248,Kanwil Kementerian Hukum dan HAM Gorontalo,Kanwil Kumham Gorontalo,,,,,
9995,248,Kanwil Kementerian Hukum dan HAM Jambi,Kanwil Kumham Jambi,,,,,
9989,248,Kanwil Kementerian Hukum dan HAM Jawa Barat,Kanwil Kumham Jabar,,,,,
9987,248,Kanwil Kementerian Hukum dan HAM Jawa Tengah,Kanwil Kumham Jateng,,,,,
9986,248,Kanwil Kementerian Hukum dan HAM Jawa Timur,Kanwil Kumham Jatim,,,,,
9985,248,Kanwil Kementerian Hukum dan HAM Kalimantan Barat,Kanwil Kumham Kalbar,,,,,
9984,248,Kanwil Kementerian Hukum dan HAM Kalimantan Selatan,Kanwil Kumham Kalsel,,,,,
9983,248,Kanwil Kementerian Hukum dan HAM Kalimantan Tengah,Kanwil Kumham Kalteng,,,,,
9982,248,Kanwil Kementerian Hukum dan HAM Kalimantan Timur,Kanwil Kumham Kaltim,,,,,
9997,248,Kanwil Kementerian Hukum dan HAM Kepulauan Riau,Kanwil Kumham Kepri,,,,,
9994,248,Kanwil Kementerian Hukum dan HAM Lampung,Kanwil Kumham Lampung,,,,,
9968,248,Kanwil Kementerian Hukum dan HAM Maluku,Kanwil Kumham Maluku,,,,,
9969,248,Kanwil Kementerian Hukum dan HAM Maluku Utara,Kanwil Kumham Maluku Utara,,,,,
9973,248,Kanwil Kementerian Hukum dan HAM Nusa Tenggara Barat,Kanwil Kumham NTB,,,,,
9972,248,Kanwil Kementerian Hukum dan HAM Nusa Tenggara Timur,Kanwil Kumham NTT,,,,,
9967,248,Kanwil Kementerian Hukum dan HAM Papua,Kanwil Kumham Papua,,,,,
9966,248,Kanwil Kementerian Hukum dan HAM Papua Barat,Kanwil Kumham Papua Barat,,,,,
9998,248,Kanwil Kementerian Hukum dan HAM Riau,Kanwil Kumham Riau,,,,,
9977,248,Kanwil Kementerian Hukum dan HAM Sulawesi Barat,Kanwil Kumham Sulbar,,,,,
9979,248,Kanwil Kementerian Hukum dan HAM Sulawesi Selatan,Kanwil Kumham Sulsel,,,,,
9980,248,Kanwil Kementerian Hukum dan HAM Sulawesi Tengah,Kanwil Kumham Sulteng,,,,,
9976,248,Kanwil Kementerian Hukum dan HAM Sulawesi Tenggara,Kanwil Kumham Sultra,,,,,
9981,248,Kanwil Kementerian Hukum dan HAM Sulawesi Utara,Kanwil Kumham Sulut,,,,,
9999,248,Kanwil Kementerian Hukum dan HAM Sumatera Barat,Kanwil Kumham Sumbar,,,,,
9996,248,Kanwil Kementerian Hukum dan HAM Sumatera Selatan,Kanwil Kumham Sumsel,,,,,
10000,248,Kanwil Kementerian Hukum dan HAM Sumatera Utara,Kanwil Kumham Sumut,,,,,
10026,248,Rumah Sakit Pengayoman Cipinang Kelas D,RS Pengayoman Cipinang DKI Jakarta,,,,,
10284,251,Direktorat Jenderal Perikanan Budidaya,Ditjen Perikanan Budidaya,,,,,
10283,251,Direktorat Jenderal Perikanan Tangkap,Ditjen Perikanan Tangkap,,,,,
10033,260,"Biro Hukum, Komunikasi dan Informasi Publik Kementerian PAN RB","Biro Hukum, Komunikasi dan Informasi Publik",,,,,
10032,260,Biro Perencanaan dan Manajemen Kinerja Kementerian PAN RB,Biro Perencanaan dan Manajemen Kinerja,,,,,
10031,260,Biro SDM dan Umum Kementerian PAN RB,Biro SDM dan Umum,,,,,
10034,260,Inspektorat Kementerian PAN RB,Inspektorat Kementerian PAN RB,,,,,
10028,260,Kedeputian Bidang Kelembagaan dan Tata Laksana,Deputi Kelembagaan dan Tata Laksana,,,,,
10030,260,Kedeputian Bidang Pelayanan Publik,Deputi Pelayanan Publik,,,,,
10027,260,"Kedeputian Bidang Reformasi Birokrasi, Akuntabilitas Aparatur, dan Pengawasan","Deputi Reformasi Birokrasi, Akuntabilitas Aparatur, dan Pengawasan",,,,,
10029,260,Kedeputian Bidang SDM Aparatur,Deputi SDM Aparatur,,,,,
10035,260,Panselnas CPNS,Panselnas CPNS,,,,,
10040,274,Kodim 0618/BS Kota Bandung,Kodim Bandung,,,,,
10318,275,Inspektorat Kementerian Sekretariat Negara,Inspektorat Setneg,,,,,
10314,275,Kedeputian Bidang Dukungan Kebijakan,Deputi Dukungan Kebijakan,,,,,
10316,275,Kedeputian Bidang Hubungan Kelembagaan dan Kemasyarakatan,Deputi Hubungan Kelembagaan dan Kemasyarakatan,,,,,
10317,275,Kedeputian Bidang Perundang-Undangan,Deputi PUU,,,,,
10315,275,Kedeputian Bidang Sumber Daya Manusia,Deputi SDM,,,,,
10313,275,Sekretariat Kementerian,Sesmen,,,,,
870,862,Asisten Administrasi Perekonomian dan Pembangunan Kota Bandung,,,,,,
871,862,Asisten Administrasi Umum Kota Bandung,,,,,,
869,862,Asisten Pemerintahan Kota Bandung,,,"Jl. Wastukancana No. 2, Bandung",,,
874,862,Badan Kepegawaian Daerah (BKD) Kota Bandung,,,,,,
875,862,Badan Kesatuan Bangsa dan Pemberdayaan Masyarakat (BKBPM) Kota Bandung,,,,,,
876,862,Badan Pelayanan Perijinan Terpadu (BPPT) Kota Bandung,,,,,,
877,862,Badan Pemberdayaan Perempuan dan Keluarga Berencana (BPPKB) Kota Bandung,,,,,,
878,862,Badan Pengelolaan Lingkungan Hidup (BPLH) Kota Bandung,,,,,,
879,862,Badan Perencanaan Pembangunan Daerah (Bappeda) Kota Bandung,,,,,,
902,862,Bagian Hukum dan Hak Asasi Manusia (Baghukham) Kota Bandung,,,,,,
908,862,Bagian Kerjasama Daerah (BagKSD) Kota Bandung,,,,,,
947,862,Bagian Kesejahteraan Rakyat dan Kemasyarakatan (BagKesra) Kota Bandung,,,,,,
903,862,Bagian Organisasi dan Pemberdayaan Aparatur Daerah (BagOrpad) Kota Bandung,,,,,,
904,862,Bagian Pembangunan dan Sumber Daya Alam (BagPem) Kota Bandung,,,,,,
905,862,Bagian Pemerintahan Umum (BagPemum) Kota Bandung,,,,,,
906,862,Bagian Perekonomian (Bagek) Kota Bandung,,,,,,
907,862,Bagian Tata Usaha (BagTU) Kota Bandung,,,,,,
909,862,Bagian Umum dan Perlengkapan (Bagumpal) Kota Bandung,,,,,,
880,862,Dinas Bina Marga dan Pengairan (DBMP) Kota Bandung,,,,,,
881,862,Dinas Kebudayaan dan Pariwisata (Disbudpar) Kota Bandung,,,,,,
882,862,Dinas Kependudukan dan Catatan Sipil (Disdukcapil) Kota Bandung,,,,,,
883,862,Dinas Kesehatan (Dinkes) Kota Bandung,,,,,,
884,862,Dinas Komunikasi dan Informasi (Diskominfo) Kota Bandung,,,,,,
885,862,"Dinas Koperasi, UKM, Perindustrian dan Perdagangan (Dinas KUKM Perindag) Kota Bandung",,,,,,
890,862,Dinas Pelayanan Pajak (Disyanjak) Kota Bandung,,,,,,
886,862,Dinas Pemakaman dan Pertamanan (Diskamtam) Kota Bandung,,,,,,
887,862,Dinas Pemuda dan Olahraga (Dispora) Kota Bandung,,,,,,
888,862,Dinas Penanggulangan dan Pencegahan Kebakaran (DPPK) Kota Bandung,,,,,,
891,862,Dinas Pendidikan (Disdik) Kota Bandung,,,,,,
892,862,Dinas Pengelolaan Keuangan dan Aset Daerah (DPKAD) Kota Bandung,,,,,,
893,862,Dinas Perhubungan (Dishub) Kota Bandung,,,,,,
894,862,Dinas Pertanian dan Ketahanan Pangan (Dispertapa) Kota Bandung,,,,,,
895,862,Dinas Sosial (Dinsos) Kota Bandung,,,,,,
896,862,Dinas Tata Ruang dan Cipta Karya (Distarcip) Kota Bandung,,,,,,
946,862,Dinas Tenaga Kerja (Disnaker) Kota Bandung,,,,,,
872,862,Inspektorat Kota Bandung,,,,,,
945,862,Kantor Perpustakaan dan Arsip Daerah (Kapusarda) Kota Bandung,,,,,,
918,862,"Kecamatan Andir, Kota Bandung",,,,,,
936,862,"Kecamatan Antapani, Kota Bandung",,,,,,
934,862,"Kecamatan Arcamanik, Kota Bandung",,,,,,
925,862,"Kecamatan Astana Anyar, Kota Bandung",,,,,,
927,862,"Kecamatan Babakan Ciparay, Kota Bandung",,,,,,
940,862,"Kecamatan Bandung Kidul, Kota Bandung",,,,,,
929,862,"Kecamatan Bandung Kulon, Kota Bandung",,,,,,
921,862,"Kecamatan Bandung Wetan, Kota Bandung",,,,,,
932,862,"Kecamatan Batununggal, Kota Bandung",,,,,,
926,862,"Kecamatan Bojongloa Kaler, Kota Bandung",,,,,,
928,862,"Kecamatan Bojongloa Kidul, Kota Bandung",,,,,,
939,862,"Kecamatan Buahbatu, Kota Bandung",,,,,,
924,862,"Kecamatan Cibeunying Kaler, Kota Bandung",,,,,,
923,862,"Kecamatan Cibeunying Kidul, Kota Bandung",,,,,,
935,862,"Kecamatan Cibiru, Kota Bandung",,,,,,
917,862,"Kecamatan Cicendo, Kota Bandung",,,,,,
919,862,"Kecamatan Cidadap, Kota Bandung",,,,,,
943,862,"Kecamatan Cinambo, Kota Bandung",,,,,,
920,862,"Kecamatan Coblong, Kota Bandung",,,,,,
941,862,"Kecamatan Gedebage, Kota Bandung",,,,,,
933,862,"Kecamatan Kiaracondong, Kota Bandung",,,,,,
931,862,"Kecamatan Lengkong, Kota Bandung",,,,,,
944,862,"Kecamatan Mandalajati, Kota Bandung",,,,,,
942,862,"Kecamatan Panyileukan, Kota Bandung",,,,,,
938,862,"Kecamatan Rancasari, Kota Bandung",,,,,,
930,862,"Kecamatan Regol, Kota Bandung",,,,,,
916,862,"Kecamatan Sukajadi, Kota Bandung",,,,,,
915,862,"Kecamatan Sukasari, Kota Bandung",,,,,,
922,862,"Kecamatan Sumur Bandung, Kota Bandung",,,,,,
937,862,"Kecamatan Ujungberung, Kota Bandung",,,,,,
914,862,PD BPR Kota Bandung,,,,,,
913,862,PD KEBERSIHAN Kota Bandung,,,,,,
912,862,PD PASAR Bermartabat Kota Bandung,,,,,,
911,862,PDAM Kota Bandung,,,,,,
898,862,Rumah Sakit Khusus Gigi dan Mulut (RSKGM) Kota Bandung,,,,,,
899,862,Rumah Sakit Khusus Ibu dan Anak (RSKIA) Kota Bandung,,,,,,
900,862,Rumah Sakit Umum Daerah Kota Bandung (RSUD),,,,,,
897,862,Satuan Polisi Pamong Praja (Satpol PP) Kota Bandung,,,,,,
10291,862,Save The Children Bandung,,,,,,
910,862,Sekretariat Daerah (Setda) Kota Bandung,,,,,,
873,862,Sekretariat DPRD Kota Bandung,,,,,,
1025,949,Badan Kepegawaian dan Diklat Daerah Kabupaten Inhu,,,,,,
1021,949,Badan Kesbangpol dan Penanggulangan Bencana Daerah Kabupaten Inhu,,,,,,
1022,949,Badan Lingkungan Hidup Kabupaten Inhu,,,,,,
1023,949,"Badan Pelaksana Penyuluhan Pertanian, Perikanan, Kehutanan dan Ketahanan Pangan Kabupaten Inhu",,,,,,
1026,949,Badan Pemberdayaan Masyarakat dan Pemerintahan Desa Kabupaten Inhu,,,,,,
1024,949,Badan Penanaman Modal Daerah dan Pelayanan Perizinan Terpadu Kabupaten Inhu,,,,,,
998,949,Bagian Administrasi Kesejahteraan Rakyat Kabupaten Inhu,,,,,,
1001,949,Bagian Administrasi Pembangunan Kabupaten Inhu,,,,,,
997,949,Bagian Administrasi Pemerintah Umum Kabupaten Inhu,,,,,,
1000,949,Bagian Administrasi Perekonomian Kabupaten Inhu,,,,,,
999,949,"Bagian Hukum, Organisasi dan Tata Laksana Kabupaten Inhu",,,,,,
995,949,Bagian Humas Setda Kabupaten Inhu,,,,,,
1002,949,Bagian Keuangan Kabupaten Inhu,,,,,,
1004,949,Bagian Pengelolaan Aset Kabupaten Inhu,,,,,,
1003,949,Bagian Umum Kabupaten Inhu,,,,,,
1020,949,Bappeda dan Litbang Kabupaten Inhu,,,,,,
996,949,Bappeda Kabupaten Inhu,,,,,,
1016,949,Dinas Kehutanan Kabupaten Inhu,,,,,,
1047,949,Dinas Kependudukan dan Catatan Sipil Kabupaten Inhu,,,,,,
1007,949,Dinas Kesehatan Kabupaten Inhu,,,,,,
1013,949,"Dinas Koperasi, Usaha Mikro, Kecil dan Menengah Kabupaten Inhu",,,,,,
1011,949,Dinas Pekerjaan Umum Kabupaten Inhu,,,,,,
1010,949,"Dinas Pemuda, Olahraga, Budaya dan Pariwisata Kabupaten Inhu",,,,,,
1019,949,Dinas Pendapatan Daerah Kabupaten Inhu,,,,,,
1006,949,Dinas Pendidikan Kabupaten Inhu,,,,,,
1009,949,"Dinas Perhubungan, Komunikasi dan Informatika Kabupaten Inhu",,,,,,
1012,949,"Dinas Perindustrian, Perdagangan, Pengelolaan Pasar Kabupaten Inhu",,,,,,
1017,949,Dinas Perkebunan Kabupaten Inhu,,,,,,
1018,949,Dinas Pertambangan dan Energi Kabupaten Inhu,,,,,,
1014,949,"Dinas Pertanian, Tanaman Pangan dan Hortikultura Kabupaten Inhu",,,,,,
1015,949,Dinas Peternakan dan Perikanan Kabupaten Inhu,,,,,,
1008,949,"Dinas Sosial, Tenaga Kerja dan Transmigrasi Kabupaten Inhu",,,,,,
1027,949,Inspektorat Kabupaten Inhu,,,,,,
1029,949,Kantor Keluarga Berencana dan Pemberdayaan Perempuan Kabupaten Inhu,,,,,,
1028,949,"Kantor Perpustakaan, Arsip dan Dokumentasi Kabupaten Inhu",,,,,,
1030,949,Kantor Satuan Polisi Pamong Praja Perlindungan Masyarakat dan Pemadam Kebakaran Kabupaten Inhu,,,,,,
1048,949,Kecamatan Batang Cenaku Kabupaten Inhu,,,,,,
1037,949,Kecamatan Batang Gansal Kabupaten Inhu,,,,,,
1043,949,Kecamatan Batang Peranap Kabupaten Inhu,,,,,,
1044,949,Kecamatan Kelayang Kabupaten Inhu,,,,,,
1035,949,Kecamatan Kuala Cenaku Kabupaten Inhu,,,,,,
1040,949,Kecamatan Lirik Kabupaten Inhu,,,,,,
1041,949,Kecamatan Lubuk Batu Jaya Kabupaten Inhu,,,,,,
1038,949,Kecamatan Pasir Penyu Kabupaten Inhu,,,,,,
1042,949,Kecamatan Peranap Kabupaten Inhu,,,,,,
1046,949,Kecamatan Rakit Kulim Kabupaten Inhu,,,,,,
1034,949,Kecamatan Rengat Barat Kabupaten Inhu,,,,,,
1032,949,Kecamatan Rengat Kabupaten Inhu,,,,,,
1036,949,Kecamatan Seberida Kabupaten Inhu,,,,,,
1039,949,Kecamatan Sungai Lala Kabupaten Inhu,,,,,,
1031,949,Rumah Sakit Umum Daerah Indrasari Rengat Kabupaten Inhu,,,,,,
1005,949,Sekretariat DPRD Kabupaten Inhu,,,,,,
10300,993,BPJS Kesehatan Divisi Regional I,DIVRE I,,Jl. Karya No. 135 Kel. Sei Agul Kec. Medan Barat,,"(061) 6613317, 6624132, 6613191",
10301,993,BPJS Kesehatan Divisi Regional II,DIVRE II,,Jl. Jend. Sudirman No.3 Tangkerang Utara Pekanbaru 28282,,"(0761) 26980, 7053539",
10302,993,BPJS Kesehatan Divisi Regional III,DIVRE III,,"Jl. R Sukamto 8 Ilir Kotak Pos 1128, Palembang 30114",,"(0711) 373720, 373721, 364224",
10303,993,BPJS Kesehatan Divisi Regional IV,DIVRE IV,,Jl. Raya Pasar Minggu No.17 Jak-Sel 12780,,"(021) 7943239, 7943240",
10308,993,BPJS Kesehatan Divisi Regional IX,DIVRE IX,,Jl. Andi Pangerang Pettarani No.78 Makassar 90013,,"(0411) 452416, 450439, 444442",
10304,993,BPJS Kesehatan Divisi Regional V,DIVRE V,,Jl. Dr. Djundjunan No.144 PO BOX 1617 Bandung 40163,,"(022) 2005892, 2013174",
10305,993,BPJS Kesehatan Divisi Regional VI,DIVRE VI,,Jl. Teuku Umar no.43 Semarang,,"(024) 8501429 , 8501430",
10306,993,BPJS Kesehatan Divisi Regional VII,DIVRE VII,,Jl. Raya Jemursari 234 Kota Surabaya,,(031) 8432541,
10307,993,BPJS Kesehatan Divisi Regional VIII,DIVRE VIII,,"Jl. Ruhui Rahayu No.8 RT.25 Sepinggan Baru, Balikpapan, Kalimantan Timur",,(0542) 7218682,
10309,993,BPJS Kesehatan Divisi Regional X,DIVRE X,,"Jl. Tololiu Supit No. 11 Kel. Tingkulu, Manado 95119",,(0431) 863565,
10310,993,BPJS Kesehatan Divisi Regional XI,DIVRE XI,,Jl. Raya Puputan Komplek Niti Mandala Renon Denpasar 80232,,(0361) 222206,
10311,993,BPJS Kesehatan Divisi Regional XII,DIVRE XII,,"Jl. Raya Kotaraja No. 46 PO BOX 152 Abepura, Jayapura 99225",,"(0967) 581638, 587268, 587864",
10312,993,BPJS Kesehatan Divisi Regional XIII,DIVRE XIII,,"Jalan Raya Serang, Padeglang Km 1, Kebon Jahe, Kota Serang",,,
10270,993,BPJS Kesehatan KC Curup,KC Curup,,,,,
10181,993,BPJS Kesehatan KC Muaro Bungo,KC Muaro Bungo,,,,,
10185,993,BPJS Kesehatan KC Pangkalpinang,KC Pangkalpinang,,,,,
10184,993,BPJS Kesehatan KC Prabumulih,KC Prabumulih,,,,,
10183,993,BPJS Kesehatan KCU Palembang,KCU Palembang,,,,,
1052,1049,Badan Kepegawaian Daerah,,,,,,
1051,1049,Dinas Pendidikan,,,,,,
1050,1049,Kecamatan Tembalang,,,,,,
10049,1055,Aceh - Kanim Kelas I Banda Aceh,Kanim Banda Aceh,,,,,
10051,1055,Aceh - Kanim Kelas II Langsa,Kanim Langsa,,,,,
10050,1055,Aceh - Kanim Kelas II Lhokseumawe,Kanim Lhokseumawe,,,,,
10053,1055,Aceh - Kanim Kelas II Meulaboh,Kanim Meulaboh,,,,,
10052,1055,Aceh - Kanim Kelas II Sabang,Kanim Sabang,,,,,
10054,1055,Aceh - Kanim Kelas III Takengon,Kanim Takengon,,,,,
10143,1055,Bali - Kanim Kelas I Denpasar,Kanim Denpasar,,,,,
10142,1055,Bali - Kanim Kelas I Khusus Ngurah Rai,Kanim Ngurah Rai,,,,,
10144,1055,Bali - Kanim Kelas II Singaraja,Kanim Singaraja,,,,,
10088,1055,Banten - Kanim Kelas I Serang,Kanim Serang,,,,,
10089,1055,Banten - Kanim Kelas I Tangerang,Kanim Tangerang,,,,,
10090,1055,Banten - Kanim Kelas II Cilegon,Kanim Cilegon,,,,,
10087,1055,Bengkulu - Kanim Kelas I Bengkulu,Kanim Bengkulu,,,,,
10104,1055,DIY - Kanim Kelas I Yogyakarta,Kanim Yogyakarta,,,,,
10018,1055,DKI Jakarta - Kanim Kelas I Jakarta Pusat,Kanim Jakpus,,,,,
10019,1055,DKI Jakarta - Kanim Kelas I Jakarta Timur,Kanim Jaktim,,,,,
10021,1055,DKI Jakarta - Kanim Kelas I Jakarta Utara,Kanim Jakut,,,,,
10016,1055,DKI Jakarta - Kanim Kelas I Khusus Jakarta Barat,Kanim Jakbar,,,,,
10017,1055,DKI Jakarta - Kanim Kelas I Khusus Jakarta Selatan,Kanim Jaksel,,,,,
10015,1055,DKI Jakarta - Kanim Kelas I Khusus Soekarno-Hatta,Kanim Soetta,,,,,
10020,1055,DKI Jakarta - Kanim Kelas I Tanjung Priok,Kanim Priok,,,,,
10128,1055,Gorontalo - Kanim Kelas I Gorontalo,Kanim Gorontalo,,,,,
10082,1055,Jambi - Kanim Kelas I Jambi,Kanim Jambi,,,,,
10083,1055,Jambi - Kanim Kelas II Kuala Tungkal,Kanim Kuala Tungkal,,,,,
10091,1055,Jawa Barat - Kanim Kelas I Bandung,Kanim Bandung,,,,,
10096,1055,Jawa Barat - Kanim Kelas II Bogor,Kanim Bogor,,,,,
10292,1055,Jawa Barat - Kanim Kelas II Cirebon,Kanim Cirebon,,,,,
10095,1055,Jawa Barat - Kanim Kelas II Depok,Kanim Depok,,,,,
10092,1055,Jawa Barat - Kanim Kelas II Karawang,Kanim Karawang,,,,,
10093,1055,Jawa Barat - Kanim Kelas II Sukabumi,Kanim Sukabumi,,,,,
10094,1055,Jawa Barat - Kanim Kelas II Tasikmalaya,Kanim Tasikmalaya,,,,,
10097,1055,Jawa Barat - Kanim Kelas III Bekasi,Kanim Bekasi,,,,,
10098,1055,Jawa Tengah - Kanim Kelas I Semarang,Kanim Semarang,,,,,
10099,1055,Jawa Tengah - Kanim Kelas I Surakarta,Kanim Surakarta,,,,,
10100,1055,Jawa Tengah - Kanim Kelas II Cilacap,Kanim Cilacap,,,,,
10101,1055,Jawa Tengah - Kanim Kelas II Pati,Kanim Pati,,,,,
10103,1055,Jawa Tengah - Kanim Kelas II Pemalang,Kanim Pemalang,,,,,
10102,1055,Jawa Tengah - Kanim Kelas II Wonosobo,Kanim Wonosobo,,,,,
10295,1055,Jawa Tengah - Rudenim Semarang,Rudenim Semarang,,,,,
10107,1055,Jawa Timur - Kanim Kelas I Malang,Kanim Malang,,,,,
10105,1055,Jawa Timur - Kanim Kelas I Surabaya,Kanim Surabaya,,,,,
10106,1055,Jawa Timur - Kanim Kelas I Tanjung Perak,Kanim Tanjung Perak,,,,,
10110,1055,Jawa Timur - Kanim Kelas II Blitar,Kanim Blitar,,,,,
10108,1055,Jawa Timur - Kanim Kelas II Jember,Kanim Jember,,,,,
10109,1055,Jawa Timur - Kanim Kelas II Madiun,Kanim Madiun,,,,,
10111,1055,Jawa Timur - Kanim Kelas III Kediri,Kanim Kediri,,,,,
10112,1055,Jawa Timur - Kanim Kelas III Pamekasan,Kanim Pamekasan,,,,,
10113,1055,Kalimantan Barat - Kanim Kelas I Pontianak,Kanim Pontianak,,,,,
10116,1055,Kalimantan Barat - Kanim Kelas II Entikong,Kanim Entikong,,,,,
10117,1055,Kalimantan Barat - Kanim Kelas II Sambas,Kanim Sambas,,,,,
10115,1055,Kalimantan Barat - Kanim Kelas II Sanggau,Kanim Sanggau,,,,,
10114,1055,Kalimantan Barat - Kanim Kelas II Singkawang,Kanim Singkawang,,,,,
10118,1055,Kalimantan Barat - Kanim Kelas III Putussibau,Kanim Putussibau,,,,,
10119,1055,Kalimantan Selatan - Kanim Kelas I Banjarmasin,Kanim Banjarmasin,,,,,
10120,1055,Kalimantan Selatan - Kanim Kelas II Kotabaru,Kanim Kotabaru,,,,,
10121,1055,Kalimantan Tengah - Kanim Kelas I Palangkaraya,Kanim Palangkaraya,,,,,
10122,1055,Kalimantan Tengah - Kanim Kelas II Sampit,Kanim Sampit,,,,,
10124,1055,Kalimantan Timur - Kanim Kelas I Balikpapan,Kanim Balikpapan,,,,,
10123,1055,Kalimantan Timur - Kanim Kelas I Samarinda,Kanim Samarinda,,,,,
10126,1055,Kalimantan Timur - Kanim Kelas II Nunukan,Kanim Nunukan,,,,,
10125,1055,Kalimantan Timur - Kanim Kelas II Tarakan,Kanim Tarakan,,,,,
10127,1055,Kalimantan Timur - Kanim Kelas III Tanjung Redeb,Kanim Tanjung Redeb,,,,,
10080,1055,Kep. Bangka Belitung - Kanim Kelas I Pangkal Pinang,Kanim Pangkal Pinang,,,,,
10081,1055,Kep. Bangka Belitung - Kanim Kelas II Tanjung Pandan,Kanim Tanjung Pandan,,,,,
10070,1055,Kep. Riau - Kanim Kelas I Khusus Batam,Kanim Batam,,,,,
10071,1055,Kep. Riau - Kanim Kelas I Tanjung Pinang,Kanim Tanjung Pinang,,,,,
10073,1055,Kep. Riau - Kanim Kelas II Belakang Padang,Kanim Belakang Padang,,,,,
10072,1055,Kep. Riau - Kanim Kelas II Ranai,Kanim Ranai,,,,,
10074,1055,Kep. Riau - Kanim Kelas II Tanjung Uban,Kanim Tanjung Uban,,,,,
10075,1055,Kep. Riau - Kanim Kelas II Tg. Balai Karimun,Kanim Balai Karimun,,,,,
10076,1055,Kep. Riau - Kanim Kelas III Dabo Singkep,Kanim Dabo Singkep,,,,,
10077,1055,Kep. Riau - Kanim Kelas III Tarempa,Kanim Tarempa,,,,,
10294,1055,Kep. Riau - Rudenim Tanjung Pinang,Rudenim Tanjung Pinang,,,,,
10084,1055,Lampung - Kanim Kelas I Bandar Lampung,Kanim Bandar Lampung,,,,,
10085,1055,Lampung - Kanim Kelas III Kalianda,Kanim Kalianda,,,,,
10086,1055,Lampung - Kanim Kelas III Kotabumi,Kanim Kotabumi,,,,,
10151,1055,Maluku - Kanim Kelas I Ambon,Kanim Ambon,,,,,
10152,1055,Maluku - Kanim Kelas II Tual,Kanim Tual,,,,,
10153,1055,Maluku Utara - Kanim Kelas I Ternate,Kanim Ternate,,,,,
10154,1055,Maluku Utara - Kanim Kelas II Tobelo,Kanim Tobelo,,,,,
10145,1055,NTB - Kanim Kelas I Mataram,Kanim Mataram,,,,,
10146,1055,NTB - Kanim Kelas II Sumbawa Besar,Kanim Sumbawa Besar,,,,,
10147,1055,NTT - Kanim Kelas I Kupang,Kanim Kupang,,,,,
10149,1055,NTT - Kanim Kelas II Atambua,Kanim Atambua,,,,,
10148,1055,NTT - Kanim Kelas II Maumere,Kanim Maumere,,,,,
10150,1055,NTT - Kanim Kelas III Labuan Bajo,Kanim Labuan Bajo,,,,,
10155,1055,Papua - Kanim Kelas I Jayapura,Kanim Jayapura,,,,,
10156,1055,Papua - Kanim Kelas II Biak,Kanim Biak,,,,,
10157,1055,Papua - Kanim Kelas II Merauke,Kanim Merauke,,,,,
10158,1055,Papua - Kanim Kelas II Tembagapura,Kanim Tembagapura,,,,,
10160,1055,Papua Barat - Kanim Kelas II Manokwari,Kanim Manokwari,,,,,
10159,1055,Papua Barat - Kanim Kelas II Sorong,Kanim Sorong,,,,,
10063,1055,Riau - Kanim Kelas I Pekanbaru,Kanim Pekanbaru,,,,,
10069,1055,Riau - Kanim Kelas II Bagan Siapi-Api,Kanim Bagan Siapi-Api,,,,,
10064,1055,Riau - Kanim Kelas II Bengkalis,Kanim Bengkalis,,,,,
10066,1055,Riau - Kanim Kelas II Dumai,Kanim Dumai,,,,,
10065,1055,Riau - Kanim Kelas II Selat Panjang,Kanim Selat Panjang,,,,,
10067,1055,Riau - Kanim Kelas II Siak,Kanim Siak,,,,,
10068,1055,Riau - Kanim Kelas II Tembilahan,Kanim Tembilahan,,,,,
10293,1055,Riau - Rudenim Pekanbaru,Rudenim Pekanbaru,,,,,
10022,1055,Rudenim DKI Jakarta,Rudenim DKI Jakarta,,,,,
10141,1055,Sulawesi Barat - Kanim Kelas II Mamuju,Kanim Mamuju,,,,,
10140,1055,Sulawesi Barat - Kanim Kelas II Polewali Mandar,Kanim Polewali Mandar,,,,,
10135,1055,Sulawesi Selatan - Kanim Kelas I Makassar,Kanim Makassar,,,,,
10136,1055,Sulawesi Selatan - Kanim Kelas II Pare-Pare,Kanim Pare-Pare,,,,,
10297,1055,Sulawesi Selatan - Rudenim Makassar,,,,,,
10133,1055,Sulawesi Tengah - Kanim Kelas I Palu,Kanim Palu,,,,,
10134,1055,Sulawesi Tengah - Kanim Kelas III Banggai,Kanim Banggai,,,,,
10137,1055,Sulawesi Tenggara - Kanim Kelas I Kendari,Kanim Kendari,,,,,
10138,1055,Sulawesi Tenggara - Kanim Kelas III Bau-Bau,Kanim Bau-Bau,,,,,
10139,1055,Sulawesi Tenggara - Kanim Kelas III Wakatobi,Kanim Wakatobi,,,,,
10129,1055,Sulawesi Utara - Kanim Kelas I Manado,Kanim Manado,,,,,
10130,1055,Sulawesi Utara - Kanim Kelas II Bitung,Kanim Bitung,,,,,
10131,1055,Sulawesi Utara - Kanim Kelas II Tahuna,Kanim Tahuna,,,,,
10132,1055,Sulawesi Utara - Kanim Kelas III Kotamobagu,Kanim Kotamobagu,,,,,
10296,1055,Sulawesi Utara - Rudenim Manado,,,,,,
10061,1055,Sumatera Barat - Kanim Kelas I Padang,Kanim Padang,,,,,
10062,1055,Sumatera Barat - Kanim Kelas II Bukittinggi,Kanim Bukittinggi,,,,,
10078,1055,Sumatera Selatan - Kanim Kelas I Palembang,Kanim Palembang,,,,,
10079,1055,Sumatera Selatan - Kanim Kelas II Muara Enim,Kanim Muara Enim,,,,,
10055,1055,Sumatera Utara - Kanim Kelas I Khusus Medan,Kanim Medan,,,,,
10056,1055,Sumatera Utara - Kanim Kelas I Polonia,Kanim Polonia,,,,,
10059,1055,Sumatera Utara - Kanim Kelas II Belawan,Kanim Belawan,,,,,
10057,1055,Sumatera Utara - Kanim Kelas II Pematang Siantar,Kanim Pematang Siantar,,,,,
10060,1055,Sumatera Utara - Kanim Kelas II Sibolga,Kanim Sibolga,,,,,
10058,1055,Sumatera Utara - Kanim Kelas II Tg. Balai Asahan,Kanim Balai Asahan,,,,,
10008,1063,Bapas Kelas I Jakarta Barat,Bapas Jakbar,,,,,
10005,1063,Bapas Kelas I Jakarta Pusat,Bapas Jakpus,,,,,
10007,1063,Bapas Kelas I Jakarta Selatan,Bapas Jaksel,,,,,
10006,1063,Bapas Kelas I Jakarta Timur/Utara,Bapas Jaktim Ut,,,,,
10002,1063,Lapas Kelas I Cipinang,Lapas Cipinang,,,,,
10024,1063,Lapas Kelas IIA Salemba,Lapas Salemba,,,,,
10003,1063,Lapas Narkotika Kelas IIA Jakarta,Lapas Narkotika Jakarta,,,,,
10004,1063,Lapas Terbuka Kelas IIB Jakarta,Lapas Terbuka Jakarta,,,,,
10011,1063,Rupbasan Klas I Jakarta Barat,Rupbasan Jakbar,,,,,
10012,1063,Rupbasan Klas I Jakarta Pusat,Rupbasan Jakpus,,,,,
10014,1063,Rupbasan Klas I Jakarta Selatan,Rupbasan Jaksel,,,,,
10039,1063,Rupbasan Klas I Jakarta Timur,Rupbasan Jaktim,,,,,
10013,1063,Rupbasan Klas I Jakarta Utara,Rupbasan Jakut,,,,,
10025,1063,Rutan Kelas I Cipinang,Rutan Cipinang,,,,,
10009,1063,Rutan Kelas I Jakarta Pusat,Rutan Jakpus,,,,,
10010,1063,Rutan Kelas IIA Jakarta Timur,Rutan Jaktim,,,,,
10320,1063,Sumatera Selatan - Bapas Kelas II Lahat,Bapas Lahat,,,,,
10023,1064,BHP DKI Jakarta,BHP DKI Jakarta,,,,,
1125,1071,"Badan Kepegawaian Daerah, Pendidikan dan Pelatihan Kabupaten Gorontalo",BKD Diklat,,,,,
1101,1071,"Badan Kesatuan Bangsa, Politik, dan Linmas Kabupaten Gorontalo",Kesbangpol Linmas,,,,,
1106,1071,Badan Ketahanan Pangan Kabupaten Gorontalo,Badan Ketahanan Pangan,,,,,
1122,1071,Badan Lingkungan Hidup Kabupaten Gorontalo,BLH,,,,,
1123,1071,Badan Narkotika Kabupaten Gorontalo,Badan Narkotika,,,,,
1114,1071,Badan Pemberdayaan Masyarakat dan Pemerintahan Desa Kabupaten Gorontalo,BPM Pemdes,,,,,
1113,1071,Badan Pemberdayaan Perempuan dan Keluarga Berencana Kabupaten Gorontalo,Badan Pemberdayaan Perempuan,,,,,
1124,1071,Badan Penanggulangan Bencana Daerah Kabupaten Gorontalo,BPBD,,,,,
1126,1071,"Badan Penyuluhan Pertanian, Perikanan, Peternakan, dan Kehutanan Kabupaten Gorontalo",BP4K,,,,,
1118,1071,Badan Perencanaan Pembangunan Daerah Kabupaten Gorontalo,Bappeda,,,,,
1107,1071,Bagian Ekonomi dan PM Kabupaten Gorontalo,Bagian Ekonomi dan PM,,,,,
1119,1071,Bagian Hukum Kabupaten Gorontalo,Bagian Hukum,,,,,
1117,1071,Bagian Humas Kabupaten Gorontalo,Bagian Humas,,,,,
1127,1071,Bagian Kesejahteraan Rakyat Kabupaten Gorontalo,Bagian Kesra,,,,,
1105,1071,Bagian Organisasi dan Tata Laksana Kabupaten Gorontalo,Bagian Ortala,,,,,
1099,1071,Bagian Pembangunan Kabupaten Gorontalo,Pembangunan,,,,,
1116,1071,Bagian Pemerintahan Kabupaten Gorontalo,Bagian Pemerintahan,,,,,
1109,1071,Bagian Umum Kabupaten Gorontalo,Bagian Umum,,,,,
1098,1071,BULD RS Dunda Limboto Kabupaten Gorontalo,RS Dunda,,,,,
1095,1071,"Dinas Kehutanan, Pertambangan, dan Energi Kabupaten Gorontalo",Dishut Tamben,,,,,
1104,1071,"Dinas Kelautan, Perikanan, dan Peternakan Kabupaten Gorontalo","Dinas Kelautan, Perikanan, dan Peternakan",,,,,
1093,1071,Dinas Kependudukan dan Catatan Sipil Kabupaten Gorontalo,Disdukcapil,,,,,
1128,1071,Dinas Kesehatan Kabupaten Gorontalo,Dinkes,,,,,
1100,1071,"Dinas Koperasi, UMKM, Perindustrian, dan Perdagangan Kabupaten Gorontalo",Diskoperindag,,,,,
1115,1071,"Dinas Pariwisata, Kebudayaan, Komunikasi dan Informatika Kabupaten Gorontalo",Disparbud Kominfo,,,,,
1108,1071,Dinas Pekerjaan Umum Kabupaten Gorontalo,Dinas PU,,,,,
1129,1071,Dinas Pemuda dan Olahraga Kabupaten Gorontalo,Dispora,,,,,
1110,1071,Dinas Pendapatan Pengelolaan Keuangan dan Aset Daerah Kabupaten Gorontalo,DPPKAD,,,,,
1096,1071,Dinas Pendidikan Nasional Kabupaten Gorontalo,Disdik,,,,,
1097,1071,Dinas Perhubungan Kabupaten Gorontalo,Dishub,,,,,
1094,1071,Dinas Pertanian dan Perkebunan Kabupaten Gorontalo,Distanbun,,,,,
1112,1071,Dinas Sosial Kabupaten Gorontalo,Dinsos,,,,,
1102,1071,Dinas Tenaga Kerja dan Transmigrasi Kabupaten Gorontalo,Nakertrans,,,,,
1092,1071,Kantor Pelayanan Terpadu Kabupaten Gorontalo,Kantor Pelayanan Terpadu,,,,,
1121,1071,Kantor Perpustakaan dan Arsip Daerah Kabupaten Gorontalo,Perpustakaan dan Arsip Daerah,,,,,
1120,1071,Kantor Satuan Polisi Pamong Praja Kabupaten Gorontalo,Satpol PP,,,,,
1084,1071,Kecamatan Asparaga Kabupaten Gorontalo,Asparaga,,,,,
1087,1071,Kecamatan Batudaa Kabupaten Gorontalo,Batudaa,,,,,
1072,1071,Kecamatan Batudaa Pantai Kabupaten Gorontalo,Batudaa Pantai,,,,,
1090,1071,Kecamatan Bilato Kabupaten Gorontalo,Bilato,,,,,
1085,1071,Kecamatan Biluhu Kabupaten Gorontalo,Biluhu,,,,,
1082,1071,Kecamatan Boliyohuto Kabupaten Gorontalo,Boliyohuto,,,,,
1075,1071,Kecamatan Bongomeme Kabupaten Gorontalo,Bongomeme,,,,,
1088,1071,Kecamatan Dungaliyo Kabupaten Gorontalo,Dungaliyo,,,,,
1089,1071,Kecamatan Limboto Barat Kabupaten Gorontalo,Limboto Barat,,,,,
1074,1071,Kecamatan Limboto Kabupaten Gorontalo,Limboto,,,,,
1083,1071,Kecamatan Mootilango Kabupaten Gorontalo,Mootilango,,,,,
1077,1071,Kecamatan Pulubala Kabupaten Gorontalo,Pulubala,,,,,
1086,1071,Kecamatan Tabongo Kabupaten Gorontalo,Tabongo,,,,,
1076,1071,Kecamatan Telaga Biru Kabupaten Gorontalo,Telaga Biru,,,,,
1080,1071,Kecamatan Telaga Jaya Kabupaten Gorontalo,Telaga Jaya,,,,,
1073,1071,Kecamatan Telaga Kabupaten Gorontalo,Telaga,,,,,
1078,1071,Kecamatan Tibawa Kabupaten Gorontalo,Tibawa,,,,,
1079,1071,Kecamatan Tilango Kabupaten Gorontalo,Tilango,,,,,
1081,1071,Kecamatan Tolangohula Kabupaten Gorontalo,Tolangohula,,,,,
1103,1071,Sekretariat DPRD Kabupaten Gorontalo,Sekretariat DPRD,,,,,
1159,1136,Badan Kepegawaian Daerah Kab. Bojonegoro,BKD,,,,,
1158,1136,"Badan Kesatuan Bangsa, Politik, dan Perlindungan Masyarakat Kab. Bojonegoro",Kesbanglinmaspol,,,,,
1157,1136,Badan Lingkungan Hidup Kab. Bojonegoro,BLH,,,,,
1175,1136,Badan Pemberdayaan Masyarakat dan Pemerintahan Desa Kab. Bojonegoro,BPMD Kab. Bojonegoro,,,,,
1161,1136,Badan Pemberdayaan Perempuan dan Keluarga Berencana Kab. Bojonegoro,BPPKB,,,,,
1172,1136,Badan Penanggulangan Bencana Daerah Kab. Bojonegoro,BPBD Kab. Bojonegoro,,,,,
1171,1136,Badan Pengelolaan Keuangan dan Kekayaan Daerah Kab. Bojonegoro,BPKKD,,,,,
1174,1136,Badan Perencanaan Pembangunan Daerah Kab. Bojonegoro,Bappeda Kab. Bojonegoro,,,,,
1173,1136,Badan Perizinan Terpadu Kab. Bojonegoro,BPT Kab. Bojonegoro,,,,,
1163,1136,Bagian Hukum Kab. Bojonegoro,Hukum,,,,,
1165,1136,Bagian Humas dan Protokol Kab. Bojonegoro,Humas Protokol,,,,,
1176,1136,Bagian Kesejahteraan Rakyat Kab. Bojonegoro,Kesra Kab. Bojonegoro,,,,,
1162,1136,Bagian Organisasi dan Tata Laksana Kab. Bojonegoro,Ortala,,,,,
1170,1136,Bagian Pembangunan Kab. Bojonegoro,Pembangunan,,,,,
1169,1136,Bagian Pemerintahan Kab. Bojonegoro,Pemerintahan,,,,,
1168,1136,Bagian Perekonomian Kab. Bojonegoro,Perekonomian,,,,,
1167,1136,Bagian Perlengkapan Kab. Bojonegoro,Perlengkapan,,,,,
1164,1136,Bagian Umum dan Keuangan Kab. Bojonegoro,Umum Keuangan,,,,,
1166,1136,Dinas Energi dan Sumber Daya Mineral Kab. Bojonegoro,Dinas ESDM Kab. Bojonegoro,,,,,
1211,1136,Dinas Kebersihan dan Pertamanan Kab. Bojonegoro,DKP,,,,,
1141,1136,Dinas Kebudayaan dan Pariwisata Kab. Bojonegoro,Disbudpar,,,,,
1153,1136,Dinas Kependudukan dan Pencatatan Sipil Kab. Bojonegoro,Dispendukcapil,,,,,
1151,1136,Dinas Kesehatan Kab. Bojonegoro,Dinkes,,,,,
1154,1136,Dinas Komunikasi dan Informatika Kab. Bojonegoro,Dinkominfo,,,,,
1142,1136,"Dinas Koperasi, Usaha Kecil dan Menengah Kab. Bojonegoro",Dinkop UKM,,,,,
1140,1136,Dinas Pekerjaan Umum Kab. Bojonegoro,DPU,,,,,
1149,1136,Dinas Pendapatan Daerah Kab. Bojonegoro,Dispenda,,,,,
1144,1136,Dinas Pendidikan Kab. Bojonegoro,Disdikda,,,,,
1152,1136,Dinas Pengairan Kab. Bojonegoro,Pengairan,,,,,
1148,1136,Dinas Perhubungan Kab. Bojonegoro,Dishub,,,,,
1155,1136,Dinas Perhutanan dan Perkebunan Kab. Bojonegoro,Dishutbun,,,,,
1146,1136,Dinas Perindustrian dan Perdagangan Kab. Bojonegoro,Disperindag,,,,,
1147,1136,Dinas Pertanian Kab. Bojonegoro,Distan,,,,,
1145,1136,Dinas Peternakan dan Perikanan Kab. Bojonegoro,Disnakkan,,,,,
1150,1136,"Dinas Tenaga Kerja, Transmigrasi, dan Sosial Kab. Bojonegoro",Disnakertransos,,,,,
1160,1136,Inspektorat Kab. Bojonegoro,Inswil,,,,,
1139,1136,Kantor Arsip dan Perpustakaan Daerah Kab. Bojonegoro,Arsip dan Perpustakaan Daerah,,,,,
1138,1136,Kantor Ketahanan Pangan Kab. Bojonegoro,Bimashanpan,,,,,
1180,1136,Kecamatan Balen,Balen,,,,,
1181,1136,Kecamatan Baureno,Baureno,,,,,
1182,1136,Kecamatan Bojonegoro,Bojonegoro,,,,,
1183,1136,Kecamatan Bubulan,Bubulan,,,,,
1184,1136,Kecamatan Dander,Dander,,,,,
1185,1136,Kecamatan Gayam,Gayam,,,,,
1186,1136,Kecamatan Gondang,Gondang,,,,,
1187,1136,Kecamatan Kalitidu,Kalitidu,,,,,
1188,1136,Kecamatan Kanor,Kanor,,,,,
1189,1136,Kecamatan Kapas,Kapas,,,,,
1190,1136,Kecamatan Kasiman,Kasiman,,,,,
1191,1136,Kecamatan Kedewan,Kedewan,,,,,
1192,1136,Kecamatan Kedungadem,Kedungadem,,,,,
1193,1136,Kecamatan Kepohbaru,Kepohbaru,,,,,
1194,1136,Kecamatan Malo,Malo,,,,,
1195,1136,Kecamatan Margomulyo,Margomulyo,,,,,
1196,1136,Kecamatan Ngambon,Ngambon,,,,,
1197,1136,Kecamatan Ngasem,Ngasem,,,,,
1198,1136,Kecamatan Ngraho,Ngraho,,,,,
1199,1136,Kecamatan Padangan,Padangan,,,,,
1200,1136,Kecamatan Purwosari,Purwosari,,,,,
1201,1136,Kecamatan Sekar,Sekar,,,,,
1202,1136,Kecamatan Sugihwaras,Sugihwaras,,,,,
1203,1136,Kecamatan Sukosewu,Sukosewu,,,,,
1204,1136,Kecamatan Sumberrejo,Sumberrejo,,,,,
1205,1136,Kecamatan Tambakrejo,Tambakrejo,,,,,
1206,1136,Kecamatan Temayang,Temayang,,,,,
1207,1136,Kecamatan Trucuk,Trucuk,,,,,
1212,1136,PD Bank Perkreditan Rakyat Kab. Bojonegoro,PD BPR Bojonegoro,,,,,
9950,1136,PDAM Kabupaten Bojonegoro,PDAM Bojonegoro,,,,,
1177,1136,"RSUD Dr R Sosodoro Djatikoesoemo, Kab. Bojonegoro",RSUD Bojonegoro,,,,,
1179,1136,RSUD Padangan Kab. Bojonegoro,RSUD Padangan,,,,,
1178,1136,RSUD Sumberrejo Kab. Bojonegoro,RSUD Sumberrejo,,,,,
1137,1136,Satuan Polisi Pamong Praja Kab. Bojonegoro,Satpol PP,,,,,
1156,1136,Sekretariat DPRD Kab. Bojonegoro,Setwan,,,,,
10171,10300,BPJS Kesehatan KC Padang Sidempuan,KC Padang Sidempuan,,,,,
10166,10300,BPJS Kesehatan KC Banda Aceh,KC Banda Aceh,,,,,
10267,10300,BPJS Kesehatan KC Gunung Sitoli,KC Gunung Sitoli,,,,,
10163,10300,BPJS Kesehatan KC Kabanjahe,KC Kabanjahe,,,,,
10168,10300,BPJS Kesehatan KC Langsa,KC Langsa,,,,,
10169,10300,BPJS Kesehatan KC Lhokseumawe,KC Lhokseumawe,,,,,
10172,10300,BPJS Kesehatan KC Lubuk Pakam,KC Lubuk Pakam,,,,,
10170,10300,BPJS Kesehatan KC Meulaboh,KC Meulaboh,,,,,
10162,10300,BPJS Kesehatan KC Pematang Siantar,KC Siantar,,,,,
10164,10300,BPJS Kesehatan KC Sibolga,KC Sibolga,,,,,
10165,10300,BPJS Kesehatan KC Tanjung Balai,KC Tanjung Balai,,,,,
10266,10300,BPJS Kesehatan KC Tapaktuan,KC Tapaktuan,,,,,
10161,10300,BPJS Kesehatan KCU Medan,KCU Medan,,,,,
10175,10301,BPJS Kesehatan KC Batam,KC Batam,,,,,
10177,10301,BPJS Kesehatan KC Bukittinggi,KC Bukittinggi,,,,,
10174,10301,BPJS Kesehatan KC Dumai,KC Dumai,,,,,
10180,10301,BPJS Kesehatan KC Jambi,KC Jambi,,,,,
10176,10301,BPJS Kesehatan KC Padang,KC Padang,,,,,
10268,10301,BPJS Kesehatan KC Payakumbuh,KC Payakumbuh,,,,,
10178,10301,BPJS Kesehatan KC Solok,KC Solok,,,,,
10182,10301,BPJS Kesehatan KC Tanjung Pinang,KC Tanjung Pinang,,,,,
10269,10301,BPJS Kesehatan KC Tembilahan,KC Tembilahan,,,,,
10173,10301,BPJS Kesehatan KCU Pekanbaru,KCU Pekanbaru,,,,,
10186,10302,BPJS Kesehatan KC Bengkulu,KC Bengkulu,,,,,
10187,10302,BPJS Kesehatan KC Lubuk Linggau,KC Lubuk Linggau,,,,,
10201,10303,BPJS Kesehatan KC Bekasi,KC Bekasi,,,,,
10272,10303,BPJS Kesehatan KC Depok,KC Depok,,,,,
10194,10303,BPJS Kesehatan KC Jakarta Barat,KC Jakarta Barat,,,,,
10192,10303,BPJS Kesehatan KC Jakarta Selatan,KC Jakarta Selatan,,,,,
10193,10303,BPJS Kesehatan KC Jakarta Timur,KC Jakarta Timur,,,,,
10195,10303,BPJS Kesehatan KC Jakarta Utara,KC Jakarta Utara,,,,,
10271,10303,BPJS Kesehatan KC Prima,KC Prima,,,,,
10202,10303,BPJS Kesehatan KCU Bogor,KCU Bogor,,,,,
10191,10303,BPJS Kesehatan KCU Jakarta Pusat,KCU Jakarta Pusat,,,,,
10196,10303,BPJS Kesehatan KCU Tangerang,KCU Tangerang,,,,,
10273,10304,BPJS Kesehatan KC Banjar,KC Banjar,,,,,
10205,10304,BPJS Kesehatan KC Karawang,KC Karawang,,,,,
10209,10304,BPJS Kesehatan KC Soreang,KC Soreang,,,,,
10204,10304,BPJS Kesehatan KC Sukabumi,KC Sukabumi,,,,,
10206,10304,BPJS Kesehatan KC Sumedang,KC Sumedang,,,,,
10203,10304,BPJS Kesehatan KCU Bandung,KCU Bandung,,,,,
10207,10304,BPJS Kesehatan KCU Cirebon,KCU Cirebon,,,,,
10208,10304,BPJS Kesehatan KCU Tasikmalaya,KCU Tasikmalaya,,,,,
10214,10305,BPJS Kesehatan KC Boyolali,KC Boyolali,,,,,
10276,10305,BPJS Kesehatan KC Kebumen,KC Kebumen,,,,,
10274,10305,BPJS Kesehatan KC Pati,KC Pati,,,,,
10211,10305,BPJS Kesehatan KC Pekalongan,KC Pekalongan,,,,,
10275,10305,BPJS Kesehatan KC Tegal,KC Tegal,,,,,
10216,10305,BPJS Kesehatan KCU Kudus,KCU Kudus,,,,,
10213,10305,BPJS Kesehatan KCU Magelang,KCU Magelang,,,,,
10212,10305,BPJS Kesehatan KCU Purwokerto,KCU Purwokerto,,,,,
10210,10305,BPJS Kesehatan KCU Semarang,KCU Semarang,,,,,
10215,10305,BPJS Kesehatan KCU Surakarta,KCU Surakarta,,,,,
10217,10305,BPJS Kesehatan KCU Yogyakarta,KCU Yogyakarta,,,,,
10225,10306,BPJS Kesehatan KC Banyuwangi,KC Banyuwangi,,,,,
10219,10306,BPJS Kesehatan KC Bojonegoro,KC Bojonegoro,,,,,
10224,10306,BPJS Kesehatan KC Jember,KC Jember,,,,,
10220,10306,BPJS Kesehatan KC Madiun,KC Madiun,,,,,
10222,10306,BPJS Kesehatan KC Malang,KC Malang,,,,,
10227,10306,BPJS Kesehatan KC Mojokerto,KC Mojokerto,,,,,
10226,10306,BPJS Kesehatan KC Pamekasan,KC Pamekasan,,,,,
10223,10306,BPJS Kesehatan KC Pasuruan,KC Pasuruan,,,,,
10277,10306,BPJS Kesehatan KC Tulungagung,KC Tulungagung,,,,,
10221,10306,BPJS Kesehatan KCU Kediri,KCU Kediri,,,,,
10218,10306,BPJS Kesehatan KCU Surabaya,KCU Surabaya,,,,,
10229,10307,BPJS Kesehatan KC Balikpapan,KC Balikpapan,,,,,
10231,10307,BPJS Kesehatan KC Banjarmasin,KC Banjarmasin,,,,,
10232,10307,BPJS Kesehatan KC Barabai,KC Barabai,,,,,
10235,10307,BPJS Kesehatan KC Muara Teweh,KC Muara Teweh,,,,,
10233,10307,BPJS Kesehatan KC Palangkaraya,KC Palangkaraya,,,,,
10228,10307,BPJS Kesehatan KC Samarinda,KC Samarinda,,,,,
10234,10307,BPJS Kesehatan KC Sampit,KC Sampit,,,,,
10230,10307,BPJS Kesehatan KC Tarakan,KC Tarakan,,,,,
10244,10308,BPJS Kesehatan KC Ambon,KC Ambon,,,,,
10243,10308,BPJS Kesehatan KC Bau-Bau,KC Bau-Bau,,,,,
10237,10308,BPJS Kesehatan KC Bulukumba,KC Bulukumba,,,,,
10242,10308,BPJS Kesehatan KC Kendari,KC Kendari,,,,,
10278,10308,BPJS Kesehatan KC Makale,KC Makale,,,,,
10236,10308,BPJS Kesehatan KC Makassar,KC Makassar,,,,,
10245,10308,BPJS Kesehatan KC Mamuju,KC Mamuju,,,,,
10241,10308,BPJS Kesehatan KC Palopo,KC Palopo,,,,,
10239,10308,BPJS Kesehatan KC Pare-Pare,KC Pare-Pare,,,,,
10240,10308,BPJS Kesehatan KC Polewali,KC Polewali,,,,,
10238,10308,BPJS Kesehatan KC Watampone,KC Watampone,,,,,
10247,10309,BPJS Kesehatan KC Gorontalo,KC Gorontalo,,,,,
10250,10309,BPJS Kesehatan KC Luwuk,KC Luwuk,,,,,
10246,10309,BPJS Kesehatan KC Manado,KC Manado,,,,,
10249,10309,BPJS Kesehatan KC Palu,KC Palu,,,,,
10248,10309,BPJS Kesehatan KC Ternate,KC Ternate,,,,,
10251,10309,BPJS Kesehatan KC Tondano,KC Tondano,,,,,
10280,10310,BPJS Kesehatan KC Atambua,KC Atambua,,,,,
10260,10310,BPJS Kesehatan KC Bima,KC Bima,,,,,
10252,10310,BPJS Kesehatan KC Denpasar,KC Denpasar,,,,,
10258,10310,BPJS Kesehatan KC Ende,KC Ende,,,,,
10253,10310,BPJS Kesehatan KC Klungkung,KC Klungkung,,,,,
10256,10310,BPJS Kesehatan KC Kupang,KC Kupang,,,,,
10255,10310,BPJS Kesehatan KC Mataram,KC Mataram,,,,,
10257,10310,BPJS Kesehatan KC Maumere,KC Maumere,,,,,
10279,10310,BPJS Kesehatan KC Selong,KC Selong,,,,,
10254,10310,BPJS Kesehatan KC Singaraja,KC Singaraja,,,,,
10259,10310,BPJS Kesehatan KC Waingapu,KC Waingapu,,,,,
10263,10311,BPJS Kesehatan KC Biak Numfor,KC Biak Numfor,,,,,
10261,10311,BPJS Kesehatan KC Jayapura,KC Jayapura,,,,,
10265,10311,BPJS Kesehatan KC Manokwari,KC Manokwari,,,,,
10264,10311,BPJS Kesehatan KC Merauke,KC Merauke,,,,,
10262,10311,BPJS Kesehatan KC Sorong,KC Sorong,,,,,
10281,10311,BPJS Kesehatan KC Wamena,KC Wamena,,,,,
10188,10312,BPJS Kesehatan KC Bandar Lampung,KC Bandar Lampung,,,,,
10189,10312,BPJS Kesehatan KC Kotabumi,KC Kotabumi,,,,,
10190,10312,BPJS Kesehatan KC Metro,KC Metro,,,,,
10198,10312,BPJS Kesehatan KC Pontianak,KC Pontianak,,,,,
10197,10312,BPJS Kesehatan KC Serang,KC Serang,,,,,
10199,10312,BPJS Kesehatan KC Singkawang,KC Singkawang,,,,,
10200,10312,BPJS Kesehatan KC Sintang,KC Sintang,,,,,
9949,0,Administrator 9949,,,,,,
861,0,Arsip Nasional Republik Indonesia,ANRI,info@anri.go.id,,http://www.anri.go.id,021-7805851,021-7810280 / 021-7805812
780,0,Badan Informasi Geospasial,BIG,info@big.go.id,Jalan Raya Jakarta - Bogor KM. 46 Cibinong 16911,http://www.bakosurtanal.go.id,021-8753155 / 021-8752062 ext. 3608 / 3611 / 3103,021-87908988 / 021-87916647
281,0,Badan Intelijen Negara (BIN),,,,,,
9951,0,Badan Kepegawaian Negara,BKN,,,,,
266,0,Badan Kependudukan dan Keluarga Berencana Nasional,BKKBN,humas@bkkbn.go.id,"Jalan Permata No.1 Halim Perdanakusuma, Jakarta",http://www.bkkbn.go.id/Home.aspx,021-8004981,
70,0,Badan Koordinasi Penanaman Modal (BKPM),BKPM,info@bkpm.go.id,Jalan Jend. Gatot Subroto No. 44 Jakarta 12190,http://www.bkpm.go.id,021-5252008 (hunting) / 021-52921329-30 / 021-52921334/35,021-5264211
268,0,Badan Meteorologi Klimatologi dan Geofisika,BMKG,info@bmkg.go.id,"Jalan Angkasa 1 No.2 Kemayoran, Jakarta Pusat",http://www.bmkg.go.id/BMKG_Pusat/Depan.bmkg,021-4246321,
9953,0,Badan Narkotika Nasional,BNN,,,,,
269,0,Badan Nasional Penanggulangan Bencana,BNPB,contact@bnpb.go.id,Jalan Ir. H. Juanda No. 36 Jakarta,http://www.bnpb.go.id/website/asp/index.asp,021-3442734 / 021-3442985 / 021-3443079,021-3505075
781,0,Badan Nasional Penanggulangan Terorisme,BNPT,,,,,
617,0,Badan Nasional Penempatan dan Perlindungan Tenaga Kerja Indonesia,BNP2TKI,halotki@bnp2tki.go.id,"Jalan M.T. Haryono Kav. 52 Pancoran, Jakarta Selatan 12770",http://www.bnp2tki.go.id/,8001000,021-29244810
649,0,Badan Nasional Pengelola Perbatasan,BNPP,,,http://bnpp.go.id/web/ atau http://potensiperbatasan.info/,,
9958,0,Badan Nasional Sertifikasi Profesi,BNSP,,Jl. MT Haryono Kav. 52 Jakarta Selatan,http://bnsp.go.id/,,
838,0,Badan Pemeriksa Keuangan,,,,,,
618,0,Badan Pengatur Hilir Minyak dan Gas Bumi,BPH Migas,,Jalan Kapten P. Tendean No. 28 Jakarta Selatan 12710,http://www.bphmigas.go.id/,021-5255500 / 021-5212400,021-5223210 / 021-5255656
835,0,Badan Pengawas Obat dan Makanan,BPOM,informasi@pom.go.id,Jl. Percetakan Negara No.23 - Jakarta 10560 Indonesia,http://www.pom.go.id/,(021) 4244691/42883309/42883462,(021) 4263333
839,0,Badan Pengawas Tenaga Nuklir,BAPETEN,,,,,
544,0,Badan Pengawasan Keuangan dan Pembangunan,BPKP,,Jalan Pramuka No. 33 Jakarta 13120,http://www.bpkp.go.id/,021-85910031,021-85900608
257,0,Badan Pengkajian dan Penerapan Teknologi,BPPT,humas@bppt.go.id,Jalan M.H.Thamrin 8 Jakarta 10340,http://www.bppt.go.id/,021-3168200,021-3904537
993,0,Badan Penyelenggara Jaminan Sosial Kesehatan,BPJS Kesehatan,,,,,
1130,0,Badan Penyelenggara Jaminan Sosial Ketenagakerjaan,BPJS Ketenagakerjaan,,,,,
278,0,Badan Pusat Statistik,BPS,bpshq@bps.go.id,Jalan Dr. Sutomo 6-8 Jakarta 10710,http://www.bps.go.id/,021-3841195,021-3857046
840,0,Badan SAR Nasional,Basarnas,,,,,
9952,0,Badan Standardisasi Nasional,BSN,,,,,
271,0,Badan Tenaga Nuklir Nasional,BATAN,humas@batan.go.id,"Jl. Kuningan Barat, Mampang Prapatan Jakarta, 12710",http://www.batan.go.id/,(021) 525-1109,(021) 525-1110
277,0,Bank Indonesia,BI,humasbi@bi.go.id,Jl. MH. Thamrin 2 Jakarta 10110 Indonesia,http://www.bi.go.id/web/id/,(62-21) 381-7187,(62-21) 350-1867
715,0,Direktorat Jenderal Bea Cukai,Ditjen Bea Cukai,pengaduan.beacukai@customs.go.id,"Kantor Pusat Bea dan Cukai Jl. Ahmad Yani By Pass - Rawamangun, Jakarta Timur Jakarta - 13230",http://www.beacukai.go.id/,021-4890308 ext 821 / 822,021 - 489 0966
748,0,Direktorat Jenderal Bina Marga Kementerian Pekerjaan Umum,Ditjen Bina Marga PU,,,,,
747,0,Direktorat Jenderal Kereta Api Kementerian Perhubungan,Ditjen KA Kemenhub,,,,,
749,0,Direktorat Jenderal Migas Kementerian Energi dan Sumber Daya Mineral,Ditjen Migas Kemen ESDM,,,,,
714,0,Direktorat Jenderal Pajak,Ditjen Pajak,,"Jl. Gatot Subroto No. 40-42, Jakarta Indonesia 12190",http://www.pajak.go.id/,"(021) 5250208, 5251609, 5262880",
755,0,Direktorat Lantas Polda Metro Jaya,Ditlantas Polda Metro Jaya,,,,,
717,0,Inspektur Jenderal Kementerian Keuangan,Itjen Kemenkeu,itjen@depkeu.go.id,Gedung Djuanda II Lantai IV-XIII Kementerian Keuangan Jalan dr. Wahidin No. 1 Jakarta 10710 Kotak Pos 3132 Jkt. 10031,http://www.itjen.depkeu.go.id/,+62 21-3865430,+62 21-3440907
10290,0,Kantor Staf Presiden,KSP,,,,,
10037,0,Kawal Menteri,,,,,,
420,0,Kejaksaan Agung Republik Indonesia,Kejagung,humas_puspenkum@yahoo.co.uk,"Jalan Sultan Hasanuddin No. 1 Kebayoran Baru, Jakarta Selatan",http://www.kejaksaan.go.id/index.php,021-7221269,
253,0,Kementerian Agama,KemenAg,pinmas@kemenag.go.id,Jalan Lapangan Banteng Barat No. 3-4 Jakarta 10710,http://www.kemenag.go.id/,021-3812306 / 021-3811642 / 021-3811654 / 021-3800200,021-3800174
52,0,Kementerian Agraria dan Tata Ruang / BPN,BPN,pusdatin@bpn.go.id,"Gedung Badan Pertanahan Nasional Lantai V Jalan Sisingamangaraja No. 2 Kebayoran Baru, Jakarta 12110",http://www.bpn.go.id,021-7393939,
54,0,Kementerian Badan Usaha Milik Negara (BUMN),KemenBUMN,,Jalan Medan Merdeka Selatan No. 13 Jakarta 10110,http://www.bumn.go.id/,SMS 08111188188,
63,0,Kementerian Dalam Negeri,KemenDagri,pusdatinkomtel@depdagri.go.id,Jalan Medan Merdeka Utara No. 7 Jakarta Pusat,http://www.kemendagri.go.id,021-3450038,021-3851193 / 021-34830261 / 021-384643
261,0,"Kementerian Desa, Pembangunan Daerah Tertinggal, dan Transmigrasi",KPDT,http://mail.kemenegpdt.go.id/login.php,Jalan Abdul Muis No. 7 Jakarta Pusat Jakarta Pusat 10110,http://www.kemenegpdt.go.id/,021-3500334,
55,0,Kementerian Energi dan Sumber Daya Mineral (ESDM),KemenESDM,pie@esdm.go.id,Jalan Merdeka Selatan 18 Jakarta 10110,http://www.esdm.go.id/,021-3804242,021-3847461
248,0,Kementerian Hukum dan HAM,Kemenkumham,,"Jalan H.R. Rasuna Said Kav. 6-7 Kuningan, Jakarta Selatan",http://www.kemenkumham.go.id,021-5253004 ext. 362,
251,0,Kementerian Kelautan dan Perikanan,KemenK&P,,Jalan Merdeka Timur No. 16 Jakarta Pusat,http://www.kkp.go.id/,021-3500041 / 021-3519070,021-35100049 / 021-3500042
118,0,Kementerian Kesehatan,KemenKes,kontak@depkes.go.id,Jalan H.R. Rasuna Said Blok X5 Kav. 4-9 Kuningan Jakarta 12950,http://sehatnegeriku.com/kontak/,021-52907416/9,021-5223002 / 021-52960661 / 021-52921669
252,0,Kementerian Ketenagakerjaan,Kemnaker,http://www.depnakertrans.go.id/contact.html,Jalan TMP Kalibata 17 Jakarta Selatan / Jalan Jendral Gatot Subroto Kav 51 Jakarta Pusat,http://www.depnakertrans.go.id/,021-5229285/6 / 021-7989924 / 021-525685/88,021-7974488 / 021-5256559
50,0,Kementerian Keuangan,KemenKeu,portalkemenkeu@depkeu.go.id,Gedung Djuanda I Lantai 12 Jalan Dr. Wahidin Raya No. 1 Jakarta 10710 Kotak Pos 21,http://www.depkeu.go.id/,021-3861489,021-3845724
255,0,Kementerian Komunikasi dan Informatika,KemenKominfo,http://kontak.kominfo.go.id/index.php,Jalan Medan Merdeka Barat No. 9 Jakarta 10110,http://kominfo.go.id/,021-3500488 / 021-3846189 / 021-38449931,021-3811113 / 021-3865154
9963,0,Kementerian Koordinator Bidang Kemaritiman,Kemenko Maritim,,,,,
245,0,Kementerian Koordinator Bidang Pembangunan Manusia dan Kebudayaan,Kemenko PMK,,Jalan Medan Merdeka Barat No. 3 Jakarta,http://www.menkokesra.go.id/,021-3459444,
51,0,Kementerian Koordinator Bidang Perekonomian,Kemenko Ekon,,Jalan Lapangan Banteng Timur No. 2-4 Jakarta,,021-3808384,021-3440394
244,0,"Kementerian Koordinator Bidang Politik, Hukum, dan Keamanan",Kemenko Polhukam,,Jalan Medan Merdeka Barat No. 15 Jakarta Pusat 10110,http://www.polkam.go.id/,021-3521121 / 021-3520145,
258,0,Kementerian Koperasi dan Usaha Kecil Menengah,KemenKopUKM,bagdat@depkop.go.id,"Jalan H.R. Rasuna Said Kav. 3-4 Kuningan, Jakarta 12940",http://www.depkop.go.id/,021-5204366/72,
9965,0,Kementerian Lingkungan Hidup dan Kehutanan,KLHK,,,,,
246,0,Kementerian Luar Negeri,KemenLu,nfomed@deplu.go.id,Jalan Taman Pejambon No. 6 Jakarta Pusat 10110,http://www.kemlu.go.id/,021-3441508,021-380551
254,0,Kementerian Pariwisata,Kemenpar,http://www.budpar.go.id/asp/ringkasan.asp?c=1005&nk=1,Jalan Medan Merdeka Barat No. 27 Jakarta 10110,http://www.budpar.go.id/,021-3838565 / 021-3838102 / 021-3838805 / 021-386700,021-344079 / 021-3848245
9964,0,Kementerian Pekerjaan Umum dan Perumahan Rakyat,PU Pera,,,,,
136,0,Kementerian Pemberdayaan Perempuan dan Perlindungan Anak,KemenPP&PA;,,Jalan Medan Merdeka Barat No. 15 Jakarta 10110,http://www.menegpp.go.id/,021-380-539 / 021-380563,021-3810052
263,0,Kementerian Pemuda dan Olah Raga,KemenPora,http://kemenpora.go.id/index/kotakpesan,"Jalan Gerbang Pemuda No. 3 Senayan, Jakarta 10270",http://www.kemenpora.go.id/,021-5738155,021-5738152
260,0,Kementerian Pendayagunaan Aparatur Negara dan Reformasi Birokrasi,KemenPAN & RB,kontak.kami@menpan.go.id,Jalan Jenderal Sudirman Kav. 69 Jakarta,http://www.menpan.go.id/,021-739838/89,
416,0,Kementerian Pendidikan dan Kebudayaan,Kemendikbud,pengaduan@kemdikbud.go.id,"Jalan Jenderal Sudirman, Senayan, Jakarta 10270",http://www.kemdiknas.go.id/kemdikbud/,021-57950226 / 021-5731618 / 021-5733128,021-5733125 / 021-5736870
65,0,Kementerian Perdagangan,KemenDag,contact.us@kemendag.go.id,Jalan M. I. Ridwan Rais No. 5 Jakarta Pusat 10110,,021-3858171 / 021-3841961/62,
62,0,Kementerian Perencanaan Pembangunan Nasional / Bappenas,BAPPENAS,http://www.bappenas.go.id/contact-us/form/,"Jalan Raden Patah I No. 1 Kebayoran Baru, Jakarta Selatan",http://www.bappenas.go.id/,021-7397758 / 021-7245751,021-7397727
44,0,Kementerian Perhubungan,KemenHub,http://www.dephub.go.id/pengaduanweb/,Jalan Medan Merdeka Barat No. 8 Jakarta Pusat,http://www.dephub.go.id/,021-3852649 / 021-3456779,021-3451657
67,0,Kementerian Perindustrian,KemenPerin,http://www.kemenperin.go.id/contact,Jalan Gatot Subroto Kav. 52-53 Jakarta Selatan,http://www.kemenperin.go.id/,021-5256458 / 021-5251149,021-5201606
247,0,Kementerian Pertahanan,KemenHan,postmaster@kemhan.go.id,Jalan Medan Merdeka Barat No. 13-14 Jakarta Pusat,http://www.kemhan.go.id/kemhan/,021-382050,
250,0,Kementerian Pertanian,KemenTan,http://www.deptan.go.id/e-mail/email_pejabat_deptan.htm,"Jalan Harsono RM. No. 3 Ragunan, Jakarta 12550",http://www.deptan.go.id/index1.php,http://www.deptan.go.id/e-mail/email_pejabat_deptan.htm,http://www.deptan.go.id/e-mail/email_pejabat_deptan.htm
256,0,"Kementerian Riset, Teknologi, dan Pendidikan Tinggi",Ristek Dikti,,"Gedung II BPPT Lt. 5,6,7,8,23 dan 24 Jalan MH Thamrin 8, Jakarta 10340, PO.Box 3110 JKP 10031",http://www.ristek.go.id/,021-3169119 / 021-3169127,021-3101835
275,0,Kementerian Sekretariat Negara,Setneg,,Jalan Veteran No. 17 - 18 Jakarta 10110,http://www.setneg.go.id/,,
126,0,Kementerian Sosial,KemenSos,http://www.kemsos.go.id/modules.php?name=Feedback,Jalan Salemba Raya No. 28 Jakarta 10430,http://www.kemsos.go.id/,021-3103591 Ext. 2100-2233 / 2205/17,021-3103783
45,0,Kepolisian Republik Indonesia,Polri,nfo@polri.go.id,"Rotekinfo Div. TI Polri, Jalan Trunojoyo No.3 Jakarta Selatan",http://www.polri.go.id,021-721814,
9954,0,Komisi Kejaksaan Republik Indonesia,KKRI,,,,,
994,0,Komisi Kepolisian Nasional,Kompolnas,,,,,
777,0,Komisi Pemberantasan Korupsi,KPK,pengaduan@kpk.go.id,Jalan HR Rasuna Said Kav. C-1 Jakarta 12920,http://www.kpk.go.id/,021-25578300,
280,0,Komisi Pemilihan Umum,KPU,redaktur@kpu.go.id,"Jl. Imam Bonjol No. 29, Jakarta 10310",http://www.kpu.go.id/,021-31937223,021-3157759
10319,0,LaporPresiden,,,,,,
160,0,Lembaga Administrasi Negara,LAN,,Jalan Veteran No. 10 Jakarta Pusat 10110,www.lan.go.id,"021-3455021-025 / 3868201 - 05, ext. 202, 203",021-3520260
844,0,Lembaga Ilmu Pengetahuan Indonesia,LIPI,,"Jl. Jend. Gatot Subroto No. 10, Jakarta",http://www.lipi.go.id/,021-5225711,
272,0,Lembaga Kebijakan Pengadaan Barang/Jasa Pemerintah,LKPP,humas@lkpp.go.id,Gedung SMESCO UKM Lt. 8 Jalan Gatot Subroto Kav. 94 Jakarta 12780,http://www.lkpp.go.id/v2/,021-7991025,021-7996033 / 021-7991125
273,0,Lembaga Penerbangan dan Antariksa Nasional,LAPAN,,Jl. Pemuda Persil No.1 Jakarta 13220,http://www.lapan.go.id/,(021) 4892802,(021) 4892815
279,0,Lembaga Sandi Negara,LEMSANEG,humas@lemsaneg.go.id,"Jalan Harsono RM No.70 Ragunan, Ps.Minggu, Jakarta Selatan 12550",http://www.lemsaneg.go.id/,021-7805814,021-78844104
274,0,Mabes TNI,Mabes TNI,,,http://www.tni.mil.id/,,
779,0,Mahkamah Agung,Badan Pengawasan MA,,"Jalan Jend. Ahmad Yani Kav. 58 Bypass Cempaka Putih, Jakarta Pusat",,2129079177,
837,0,Mahkamah Konstitusi,,,,,,
776,0,Ombudsman Republik Indonesia,Ombudsman,,Jalan H.R. Rasuna Said Kav. C-19 Kuningan (Gedung Pengadilan TIPIKOR) Jakarta Selatan,http://www.ombudsman.go.id/,021-52960894/95,021-52960904/05
1065,0,Otoritas Jasa Keuangan,OJK,,,,,
10298,0,Pay What You Pay,PWYP,,,,,
772,0,Pemerintah Kabupaten Bekasi,Pemkab Bekasi,http://mail.bekasikab.go.id/,,http://www.bekasikab.go.id/,,
773,0,Pemerintah Kabupaten Bogor,Pemkab Bogor,spswd@diskominfo.bogorkab.go.id,"Jl. Tegar Beriman, Cibinong - 16914",http://www.bogorkab.go.id/,"(021) 8758605,8751929",(021) 8758605
1136,0,Pemerintah Kabupaten Bojonegoro,Pemkab Bojonegoro,,Jl. P. Mas Tumapel No. 01 Bojonegoro Jawa Timur 62111,http://bojonegorokab.go.id/,(0353) 881826,
847,0,Pemerintah Kabupaten Buru,Pemkab Buru,,,,,
848,0,Pemerintah Kabupaten Buru Selatan,Pemkab Busel,,,,,
1071,0,Pemerintah Kabupaten Gorontalo,Pemkab Gorontalo,,Jln. Kolonel Rauf No.357,http://www.gorontalokab.go.id/,,
949,0,Pemerintah Kabupaten Indragiri Hulu,Pemkab Inhu,,"Jl. Raya Pematang Rebah, Rengat, Riau",www.inhukab.go.id,"(0769) 341006, 341010",(0769) 341005
849,0,Pemerintah Kabupaten Kepulauan Aru,Pemkab Aru,,,,,
850,0,Pemerintah Kabupaten Maluku Barat Daya,Pemkab Malbada,,,,,
851,0,Pemerintah Kabupaten Maluku Tengah,Pemkab Malteng,,,,,
852,0,Pemerintah Kabupaten Maluku Tenggara,Pemkab Maltenggara,,,,,
853,0,Pemerintah Kabupaten Maluku Tenggara Barat,Pemkab Maltenggabar,,,,,
854,0,Pemerintah Kabupaten Seram Bagian Barat,Pemkab Serbar,,,,,
855,0,Pemerintah Kabupaten Seram Bagian Timur,Pemkab Sertim,,,,,
47,0,Pemerintah Kabupaten Tangerang,PemKab PemKab Tangerang,,,,,
846,0,Pemerintah Kota Ambon,Pemkot Ambon,,,,,
862,0,Pemerintah Kota Bandung,Pemkot Bandung,,,,,
48,0,Pemerintah Kota Bekasi,PemKab PemKot Bekasi,,,,,
46,0,Pemerintah Kota Bogor,PemKab PemKot Bogor,,,,,
56,0,Pemerintah Kota Depok,PemKab PemKot Depok,,,,,
562,0,Pemerintah Kota Tangerang Selatan,PemKab PemKot Tangsel,,,,,
856,0,Pemerintah Kota Tual,Pemkot Tual,,,,,
1,0,Pemerintah Provinsi Aceh,Pemprov Aceh,,,,,
17,0,Pemerintah Provinsi Bali,Pemprov Bali,,,,,
16,0,Pemerintah Provinsi Banten,Pemrpov Banten,,,,,
7,0,Pemerintah Provinsi Bengkulu,Pemprov Bengkulu,,,,,
14,0,Pemerintah Provinsi DI Yogyakarta,Pemprov DIY,,,,,
11,0,Pemerintah Provinsi DKI Jakarta,Pemprov Jakarta,dki@jakarta.go.id,"Dinas Komunikasi, Informatika dan Kehumasan Pemprov DKI Jakarta, Jalan Medan Merdeka Selatan 8-9 Blok F Lt 1 Jakarta",http://www.jakarta.go.id/web/,021-3822255,021-3822255
28,0,Pemerintah Provinsi Gorontalo,Pemprov Gorontalo,,,,,
5,0,Pemerintah Provinsi Jambi,Pemprov Jambi,,,,,
12,0,Pemerintah Provinsi Jawa Barat,Pemprov Jabar,,,,,
13,0,Pemerintah Provinsi Jawa Tengah,Pemprov Jateng,,Jl. Pahlawan 9 Semarang,http://www.jatengprov.go.id/,"(024) 8311554, 8311174 Ps. 201",
15,0,Pemerintah Provinsi Jawa Timur,Pemprov Jatim,,,,,
20,0,Pemerintah Provinsi Kalimantan Barat,Pemprov Kalbar,,,,,
22,0,Pemerintah Provinsi Kalimantan Selatan,Pemprov Kalsel,,,,,
21,0,Pemerintah Provinsi Kalimantan Tengah,Pemprov Kalteng,,,,,
23,0,Pemerintah Provinsi Kalimantan Timur,Pemprov Kaltim,,,,,
9,0,Pemerintah Provinsi Kepulauan Bangka Belitung,Pemprov Babel,,,,,
10,0,Pemerintah Provinsi Kepulauan Riau,Pemprov Kepri,,,,,
8,0,Pemerintah Provinsi Lampung,Pemprov Lampung,,,,,
30,0,Pemerintah Provinsi Maluku,Pemprov Maluku,,,,,
31,0,Pemerintah Provinsi Maluku Utara,Pemprov Malut,,,,,
18,0,Pemerintah Provinsi Nusa Tenggara Barat,Pemprov NTB,,,,,
19,0,Pemerintah Provinsi Nusa Tenggara Timur,Pemprov NTT,,,,,
33,0,Pemerintah Provinsi Papua,Pemprov Papua,,,,,
32,0,Pemerintah Provinsi Papua Barat,Pemprov Papua Barat,,,,,
4,0,Pemerintah Provinsi Riau,Pemprov Riau,,,,,
29,0,Pemerintah Provinsi Sulawesi Barat,Pemprov Sulbar,,,,,
26,0,Pemerintah Provinsi Sulawesi Selatan,Pemprov Sulsel,,,,,
25,0,Pemerintah Provinsi Sulawesi Tengah,Pemprov Sulteng,,,,,
27,0,Pemerintah Provinsi Sulawesi Tenggara,Pemprov Sultra,,,,,
24,0,Pemerintah Provinsi Sulawesi Utara,Pemprov Sulut,,,,,
3,0,Pemerintah Provinsi Sumatera Barat,Pemprov Sumbar,,,,,
6,0,Pemerintah Provinsi Sumatera Selatan,Pemprov Sumsel,,,,,
2,0,Pemerintah Provinsi Sumatera Utara,Pemprov Sumut,,,,,
1070,0,Perpustakaan Nasional Republik Indonesia,Perpusnas,,Jl. Salemba Raya 28A Jakarta,http://www.pnri.go.id/,,
69,0,PT Kereta Api Indonesia (KAI),KAI,,,,,
763,0,PT MRT,,,,,,
53,0,PT Pertamina,Pertamina,pcc@pertamina.com,Jl. Medan Merdeka Timur 1A Jakarta 10110,,6221500000,
632,0,Satuan Kerja Khusus Pelaksana Kegiatan Usaha Hulu Minyak dan Gas Bumi,SKK Migas,hupmas@skkmigas.go.id,"Gedung Wisma Mulia Lantai 35 Jl. Gatot Subroto No.42, Jakarta 12710",http://www.skkmigas.go.id/,021-29241607,021-29249999
716,0,Sekretariat Jenderal Kementerian Keuangan,Setjen Kemenkeu,helpdesk@depkeu.go.id,Gedung E(Gedung Juanda I) Lantai 4 Jl. Dr.Wahidin Raya Nomor 1 Jakarta 10710,http://www.setjen.depkeu.go.id/,"(021) 344.9230 ext. 6116, 6117, 6118 (021) 384.0651,(021) 351.0055",(021) 3844784
276,0,Sekretariat Kabinet (SETKAB),,,,http://www.setkab.go.id/home,,
1053,0,Sekretariat Kelompok Kerja Pengendali PNPM Mandiri - Kemenko Kesra,Pokja Pengendali PNPM Mandiri,,"Jl. Medan Merdeka Barat No. 3, Jakarta Pusat 10110",http://www.pnpm-mandiri.org/,(021) 345 9077,(021) 345 9077
10282,0,SOCA Bandung,,,,,,
857,0,Tim Nasional Percepatan Penanggulangan Kemiskinan,TNP2K,,"Grand Kebon Sirih Lt. 4, Jl. Kebon Sirih Raya No. 35 Jakarta Pusat 10110",http://tnp2k.go.id/,62213912812,
982,0,Tim Penanggulangan Banjir DKI,,,,,,
858,0,Tim Sosialisasi Kebijakan Penyesuaian Subsidi BBM,,,,,,
10038,0,Tim Sosialisasi KKS,,,,,,
